9.733500923499754931e-01,-2.133870916875260648e-01,1.062857605888379159e-01,-3.233375497729059078e-01,-1.205301134432589238e+00,1.078626933721200942e-01,-4.328694553525895272e-01,3.065969479120180252e-01,-4.477036772238328077e-01,5.574415904982993331e-01
2.281149955004730112e-01,-1.790415980632099335e-01,-1.131058563977404230e+00,-7.960879947126554557e-01,-5.229161455442293827e-01,-4.825091629820375538e-01,-6.870976243273704265e-01,-4.788034643949320990e-01,-1.825316564986101397e+00,-5.409734844263774933e-01
2.922253638589793479e-01,-2.376644941048014770e-01,4.400631294416796346e-01,-2.708772321716704234e-01,6.882558863108122482e-01,-4.118601428000184250e-01,-2.123173091855379280e-01,1.519234136568150539e-01,1.207072790196771273e+00,7.255640797297058242e-01
2.722616121852118320e-01,-2.190046157087093548e-01,1.277218575379365895e+00,1.254055405476988683e-01,-6.096056326822362204e-01,-5.263394802339855794e-01,7.360719411492763209e-01,7.196473267606414703e-01,1.400930654761647354e+00,1.358507799492295387e+00
8.071706879793212330e-01,-8.204160262227722100e-02,-8.924454110141182006e-02,-6.612257725943912479e-02,7.559280420767522379e-01,-5.345170850007021635e-01,1.213458943670608470e+00,9.855103600527460594e-01,1.886592377757435324e-01,5.578696901790934914e-01
-1.095174559217179988e+00,1.106335379575732608e-02,-1.156458982058952145e+00,-6.504684198602942446e-01,2.065198516317639787e-01,-1.535368598263092688e-01,-4.495644624392736710e-01,1.004071016732790644e+00,-3.560731300923222764e-01,4.079640967058849044e-01
-3.572434357497845658e-01,6.550012283379086364e-01,-8.274441915964007022e-01,4.807420611687807654e-01,8.269082524658692979e-01,-3.152459772564277559e-03,2.647870229316077739e-01,1.103226511273656563e+00,7.399173362995898895e-01,-1.032808333365566433e+00
2.403261352794642813e-01,1.213600999481846132e-01,-4.412784604503661723e-01,1.205929739842931808e-01,-1.083756734376138509e+00,-2.905013357551428643e-01,7.227730774512900469e-01,5.017596797892400623e-02,-8.381604828474992219e-01,-1.069882620396379380e+00
1.387237229075122702e+00,-1.572702318584591752e-01,-6.017508934343126503e-01,-5.138717389022960935e-01,-1.218196253579412885e-01,4.776052029047431202e-01,-7.485554980219533139e-02,-1.720311186303943385e-03,5.245115469616373760e-02,-7.712263265407036383e-02
-1.562516047257866525e+00,-2.147035555436378196e-01,-3.403382573450478010e-01,-5.075886658889608993e-01,-2.789937026796262837e-03,1.185538753946769219e+00,1.789707743300015252e-01,8.244211445171097941e-01,1.162080381123945239e-01,1.278618728935388693e-01
-1.052391655455019004e+00,-2.942999438121244871e-01,3.194111435543266486e-01,-4.979107282123566014e-01,1.673165284502281303e+00,5.622311557973996843e-01,-3.350488656073474236e-01,6.263420266495157707e-01,6.125725120139203783e-01,8.143335303342063014e-01
-4.424183498575784967e-01,-1.075377801111155607e-01,-9.065559104128887435e-01,-6.041193933825612650e-01,4.424651958877452440e-01,-1.792933177695444080e-01,-2.817369812674749285e-01,4.484949836725309891e-01,-3.240631267950536132e-01,-1.827972982910799571e+00
8.010198644627896103e-01,-2.211507141986833735e-01,1.415862524074482209e+00,1.697025421157574709e-01,5.236587204737634949e-01,-3.082932623517850579e-01,5.129734443285419720e-01,2.655884141336722348e-01,1.447236342674433462e+00,8.262399057392707524e-01
1.022859293619034826e+00,-2.010327736138022292e-01,1.155905120271139230e+00,1.596843827196012811e-01,1.104983664931469045e+00,-3.133614840520351219e-01,-5.306082844805795617e-02,7.467308925597057057e-01,1.434684753955734138e+00,-4.258085852941747573e-01
7.558412639827624124e-01,-5.238319122450703358e-02,2.707270088980263112e-01,2.503451158298921619e-01,-9.796672068089971042e-01,-5.104494725921127074e-01,-6.568995605910428193e-01,4.444612116278224279e-01,5.064421335486023468e-01,9.769794655592572985e-01
5.494709538103779156e-01,3.835391111732390779e-01,-9.807727569949118429e-01,-1.002784316191656228e-01,4.890188980026836107e-01,-1.007770559166692587e-01,-1.075660712468976987e+00,-1.800551635217802815e+00,-8.381604828474992219e-01,-5.092566780775514834e-01
6.856192239916011344e-01,3.786869447677582851e-02,2.462526477257013791e-01,5.145449939805242234e-01,4.221646586060502360e-01,-2.336355732435403398e-01,-4.891839180809029464e-02,-7.978047405707792139e-01,9.289826980609481311e-01,1.393863739837392979e+00
1.112694007610276037e+00,-7.202191029669646749e-02,6.764722289819207202e-01,4.465895488691677406e-01,3.401478425085902729e-02,-2.127943716528735707e-01,7.724130039911404344e-01,2.368079732765930590e-01,5.857758891901951315e-02,6.871639262640700796e-01
5.805742597181225984e-01,-3.020077218691661833e-02,4.728270608690869625e-02,1.628666923596533145e-01,1.778605291168268820e+00,-4.411841896826833587e-01,-3.052868789634899938e-01,5.507937380370075964e-01,1.092989175804948809e+00,7.621918481776119858e-01
-4.119386605695183889e-01,6.469542785960412379e-02,-5.803192906780065830e-01,-1.115485267338299780e-01,-1.463972088571973140e+00,-5.478801552622930560e-01,-6.661461573033936601e-01,5.708547713907311527e-01,-2.612048961493671634e-02,-5.917611829500947218e-01
-7.444578025518859832e-01,-1.126475525351326896e-02,-6.755708584838115982e-01,-3.155759493653688685e-01,-5.514460235491119855e-01,-9.246476368061093964e-01,-3.863195176322027913e-01,-3.546099284107050859e-02,-5.303723453680435629e-01,-3.309586786066771591e-01
3.112634805666842364e-01,-1.834468078406481795e-01,7.653736922673387566e-01,6.271918741124896113e-02,4.390362213700327310e-01,-3.651888268026111106e-01,3.956604739593979070e-01,3.620815626424048750e-01,8.621476806222636569e-01,1.016211603078766679e+00
-1.309345176576277359e+00,-2.114177218376921685e-01,-5.021336287707416357e-01,-5.667464719576026377e-01,-8.108902398512063403e-01,-2.524291630591779523e-01,7.070331260261138173e-02,3.696802072786610216e-01,-1.386451252261922951e-01,-5.451743048676959136e-01
1.182482563033567136e+00,-2.316663708622233864e-01,8.108827746634454936e-01,-1.107397481863687388e-01,6.445687099733740100e-01,3.456461708284470635e-01,1.020248946268447199e+00,7.449925799485666023e-01,1.111252479037762919e+00,1.913646566545819105e-01
4.758350423273337015e-01,-1.203625919268265787e-01,1.698741577089571061e-02,-1.051204083115699073e-01,-1.523564002481574420e-01,1.127921045804256561e+00,7.623099864341890963e-02,6.688762400986136836e-01,2.953732828644319852e-01,9.742729855771303793e-01
6.800824813970021698e-02,-9.833439207263740267e-02,2.122081878448704370e-02,-4.234582478812422973e-02,-7.454681332337999011e-01,3.581913149780936445e-01,8.413597219802736449e-01,3.985546623767164398e-01,1.596351730037627870e-01,1.463375495526597625e+00
-1.200655290375849171e+00,1.914693583807204891e-01,-2.411178742140009379e-01,4.732184154413232036e-01,1.059501351091340027e+00,-5.916662377455408212e-02,-1.962487193673728703e-01,1.164028244113074706e+00,2.639743841546882130e-02,7.454550434338592761e-03
1.378147221355409568e+00,-2.457211196027983546e-01,1.066209893920672780e+00,-7.704442971027926357e-02,-1.136700434084827460e+00,-3.672358289544308541e-01,-5.987442912220105606e-01,-1.597192684442791388e-01,-2.013907551938779461e-01,1.163055801934927969e+00
1.052178727064298491e-01,-3.784852963555089544e-02,-1.908462134276038280e-01,-2.312496866350005273e-02,-9.326649789548747682e-01,3.036784616705334172e-01,-2.497367413591359067e-02,-4.504723869299038230e-01,-1.414086239395586198e+00,-6.409785341383378299e-01
-2.242049737110600738e-01,-6.560272983345745434e-02,-1.063104469999518881e-01,-3.502270266747523758e-02,-4.489663583614413381e-03,-7.320153540997519359e-01,-2.472043430136633968e-01,-1.321139726315680996e-01,3.968342577958057227e-01,5.912917004581991209e-01
-2.538143315343098783e-01,5.046898935358577754e-02,-9.376449637939501258e-01,-4.350947031435037915e-01,1.559961461996602627e-01,-2.731863846099968351e-01,-8.561950478089033201e-01,-1.422551518308040386e+00,-1.297177532523611676e+00,-5.994988365214549697e-01
-2.085294540215037462e-01,-9.540080175436518872e-02,-4.955189365620051301e-01,-3.433277481356523109e-01,-8.630752238492633843e-02,-1.614215921246829333e-01,-1.004708612264981760e+00,-5.038484223934255324e-01,6.984726378734424923e-01,3.213606595900162510e-01
-1.183911960380213513e+00,-1.714177962557138502e-01,4.244524558290616034e-01,-5.147900666623191762e-02,5.076039933571052654e-01,-7.800461257354881495e-01,7.527415942359837187e-02,9.802424264776863350e-01,9.449311503612990437e-01,4.843799549488234102e-02
2.736215721092105091e-01,2.544434290681994448e-01,1.641329846627125142e-03,9.023382655996412538e-01,2.008502009371725683e-01,-1.670787612942979949e-01,-5.181295743665554898e-01,3.212562690084229122e-01,6.506773065701296765e-01,-3.970833053027294501e-01
-1.628402985829252358e+00,-1.338083484136696200e-01,-6.354858236988686349e-01,-4.913582851538751961e-01,-1.001682501864151753e+00,-9.576950780568113109e-01,-5.338093133816442792e-01,-1.522330840561612275e+00,-5.996393243915962845e-01,-9.638301454787888689e-01
1.994706728119761685e-01,-1.771691409447137544e-02,3.654494013271323838e-01,4.280965934372586434e-01,8.174241989631788607e-01,-7.650883492706416211e-01,-5.668817988380916439e-01,6.273875303090226119e-01,1.223134811273928202e+00,1.378125335436896082e+00
3.063656082517021706e-01,1.354834712954006148e-01,-7.991333089430086023e-01,-1.996452313250619282e-01,-5.106989995194759907e-02,-4.025397445044652800e-01,6.421416601737203189e-01,-3.597460607141020339e-02,5.500454672081152123e-03,1.213010491694881034e-03
-9.563900767802480107e-01,4.159720970900869508e-02,-8.614437095493060470e-01,-3.830494694083620422e-01,-8.862919898509290517e-01,1.465456493638587210e-01,-5.601028155061450464e-01,-4.199003074149542103e-01,-4.207461601443817090e-01,-5.954959502532609639e-01
-4.501376844342785954e-02,1.492256224382849106e-01,-1.341008894682699459e+00,-7.198803347691036247e-01,-6.541308664810837614e-01,-7.978091254204695837e-02,-4.431245555771258782e-01,-3.908943726931417006e-01,-1.220127881968589456e+00,-7.025587190800848258e-01
-1.375757303548027055e+00,1.488012893174993356e-01,-7.757172985240815555e-01,-1.575827311488735005e-01,-4.949937833690987721e-01,-3.367279587114636041e-01,7.798663966040301210e-01,9.440197141680246595e-01,-7.334726591151229380e-01,-4.576513252950997201e-01
-5.275931695359689089e-01,-2.502441366001713074e-01,5.238051328042832022e-01,-2.849486420734504977e-01,4.235152493009318730e-01,-3.322969052809777724e-01,3.380969272610824805e-01,1.126079862619610239e+00,1.398883400910542862e+00,3.149564496682022430e-01
-1.071783636996898270e+00,-2.455216975863217521e-01,-2.636078277237048906e-01,-5.468351462135343510e-01,1.139927003799501071e+00,-7.047258888180532033e-01,8.604021673053522390e-01,3.910534243206753580e-01,5.627829447158724241e-01,1.585362954490863452e-01
2.212334896840793264e-01,-9.577095761677993646e-02,6.459123509775582805e-01,3.378950593865593932e-01,5.210862802038117580e-01,-4.811665169285759269e-01,-5.658338701808190985e-01,-2.959222395504510286e-02,-3.084512801679721306e-01,1.251351945097434637e+00
6.335759340123587879e-01,-3.038209250270519357e-01,1.636396362313755626e+00,-1.873457816954469113e-01,4.825903681361420339e-01,-3.725486836470249807e-01,1.014771277179448816e+00,7.590647688995312281e-01,1.114385394034834498e+00,-6.862883575008896786e-01
-8.631631819557563645e-01,2.011039957504902331e-02,-3.406028450333972724e-01,-1.838050976724909212e-03,1.263246337952014020e+00,-4.600972382336396826e-01,-3.781826052472453958e-01,2.872377470415042877e-01,8.865071657274326000e-01,-2.332969212789266431e-02
-1.672262154670902112e-01,-2.613207809306811735e-01,-5.927549120304310692e-01,-6.908919737568339769e-01,1.358180757667101668e+00,-5.283391187110224596e-01,9.131567782642511233e-01,3.878634401361676920e-01,4.191752980988286970e-01,-3.913756695017313048e-01
-1.529634102447076316e+00,-1.886717081498998083e-01,-4.685309923503603868e-01,-5.087196190313612032e-01,-2.845021300488831950e-01,6.001262745228300166e-02,-3.311333568818420336e-01,6.206828286652981141e-01,-1.826309287165101269e-01,-5.269218326666748053e-01
-1.446147302367400300e+00,-2.896241096738156884e-01,3.377999878946139622e-01,-4.776297706197377702e-01,7.527548091417095577e-01,7.498431206024959959e-03,-2.872361116807173875e-01,-3.629983221127257992e-02,9.906116520702054062e-01,2.581489561240272734e-01
-1.276821095909912218e+00,-1.253554922905661950e-01,-6.623414740663386979e-01,-4.919538402660966758e-01,5.134023820413322614e-01,6.042050720105089923e-01,5.848285722238241724e-02,4.042901138915722670e-01,6.000510633144979789e-01,3.100244154797575646e-01
-2.920373527697274207e-01,-2.059001837202409368e-01,-4.226250284217293873e-01,-5.230456939137881900e-01,2.912999354825792642e-01,-4.933226659590512764e-01,-2.205545319862748099e-01,6.805414022514369998e-01,4.627134214318749938e-01,-7.462118468489388201e-01
2.830110169034729672e-01,6.022693204268313866e-02,5.011828854504045694e-01,8.010116818432025942e-01,-8.388239258109518592e-02,-2.078027684853892554e-01,1.468937109943836639e+00,4.636739261397741507e-01,5.442578180988189018e-01,-1.166193908863428996e+00
-4.433662318330777036e-02,2.931131063987227892e-01,-1.183579220114771680e+00,-4.503585600937721756e-01,-1.250597184143067864e+00,-7.620286068901902521e-01,-4.866508665393366462e-01,6.606164233091620375e-01,-8.254793971730489677e-01,-1.712003262214572885e+00
-9.950800147829729214e-01,-5.722918680932832791e-02,-1.533722413566375323e-03,5.536932880969215598e-02,-5.107617055385843541e-01,-5.152353081730615125e-01,-1.209179594832381577e+00,-2.605993337392207287e-01,4.524730900232879494e-01,-5.915201618655964166e-01
8.342199668273656554e-01,1.457878996493944257e-01,-2.757788613877799611e-01,3.330965294756303430e-01,7.666538650241883079e-01,2.704265841740000620e-01,-7.536772359652494160e-03,9.085322294660420628e-01,1.023747210846024158e+00,1.014643871791246044e+00
8.384882557842671114e-01,-2.074150844016083295e-01,-1.178948935568656209e+00,-8.406630556821552691e-01,-3.162906654482630642e-01,-4.398633980662016718e-01,-2.671820961731570798e-01,-7.275672192286606332e-01,-7.220991072904922037e-01,-6.458538286367555559e-01
1.491787241841295408e+00,4.314047078263472113e-02,-9.321335642665369570e-02,2.514506693154300865e-01,9.962437275195478170e-01,5.161732456181055140e-01,1.029806976962628129e+00,-3.594445959531198387e-01,1.358273677021776260e+00,9.229639717098465646e-01
-1.537428943715627716e-01,-1.820678522621581308e-01,4.190284082178977187e-01,-9.014998423926473547e-02,-1.196307098662738877e+00,9.712807898850586708e-02,-8.456687423669815296e-01,-1.839038880050317681e+00,-5.553672054684170023e-01,3.123805944118190903e-01
1.515854633502794202e-01,-2.767724527892578834e-01,-1.470569510057684881e-01,-5.827409032486768892e-01,6.066101404870671843e-01,1.984063518724875005e-02,2.948895971368101221e-01,7.786701511299154443e-01,4.991164353163312084e-01,1.358302740060756575e+00
4.261205840607440454e-01,-1.353377720802634299e-01,4.329192618562442418e-01,7.564360228208402703e-02,-2.129779254002796551e-01,-3.717471090502992848e-01,1.053267607423479940e-01,4.177874273063032495e-01,-1.217363197178409073e-01,2.844705395759419830e-01
-7.694175781096673772e-01,-1.182736988556048197e-01,-1.202100358299233784e+00,-7.831221382964133060e-01,-8.452518944939367840e-01,5.760740897238368907e-01,-1.006926449274638369e+00,-9.582544550897668101e-01,-1.963037096753862121e-01,-9.580313032832651898e-02
-1.566567899577312739e-01,-1.462934171800605865e-01,-3.232723514465077330e-01,-3.513901339534022394e-01,-9.300184018326697333e-02,-5.539295473818680593e-01,-5.933313260845141102e-01,-3.958423277809919871e-01,7.203924451180970800e-01,1.178070271703560934e+00
8.405392451623280858e-02,-1.538420751535001518e-01,1.951872238742559107e-01,-1.070748450659307766e-01,-7.771818167615176520e-01,-4.056831064948269727e-01,9.907060852944825358e-02,-8.257269637388762185e-01,-2.021196907544126620e-01,9.714766732683003392e-01
5.909724074473656635e-02,-2.281365247528821527e-02,-1.066631461864311126e+00,-6.141876836804196493e-01,4.660470301822668415e-01,7.640747075512677178e-01,1.130889839000326913e-01,-9.212666268107856382e-01,-1.804898327681733194e-01,4.076355335300790306e-01
5.192598563895681751e-01,1.180511539242345281e-01,-2.028849532475041906e-01,3.393120928746733433e-01,-4.196034054962459736e-01,5.849481248626516861e-01,6.590390379170658897e-02,-1.122240916765777224e-01,3.643303337581282331e-01,1.727620287974291235e+00
-1.207074252833206518e-01,-2.565441908005064997e-01,1.360166815676921104e+00,-2.634270414075491271e-02,1.341467740537401143e+00,-4.044221644924617665e-01,-7.198206434631033712e-01,1.080477471608517703e+00,7.052708812151459172e-01,1.504108077937707337e-02
-5.714052776986676685e-01,-1.764633246667118294e-01,-5.842881060032484308e-01,-5.389278319850496768e-01,3.353743102390162600e-01,-6.595203745529157890e-01,-1.243662222620689484e+00,-2.798190278753057841e-03,-8.102053055927785907e-01,-8.930651359602845840e-01
2.699391386781825886e-01,-1.223642130670515582e-01,-9.118476641798778370e-01,-6.253488276353846853e-01,-1.342293049373062042e+00,2.970908837931214297e-01,-2.807156532487454226e-01,2.969941828207187662e-01,-1.099104471926513726e+00,-8.218088916691854706e-01
1.203093069638425522e-01,-2.308466170929141803e-01,-3.470852433979589868e-01,-5.449214825925577932e-01,1.148396282067448926e+00,-1.132592358347432188e-01,2.425109694880677458e-01,5.743211849223772703e-01,-1.406944270641393435e-01,3.801576890295568084e-02
-7.712091833581253830e-01,1.435438065584720702e-01,-1.069938807968679351e+00,-4.554538649427779529e-01,-1.253815231853842249e+00,-8.023807794422054274e-01,-1.132814917013881040e+00,-2.519717988118392427e+00,-1.771115876453275062e+00,-4.193623727585868433e-01
-5.379195762815373039e-01,-1.144450644213075852e-01,1.057346206360965990e+00,5.010223503493769215e-01,6.912473783955029594e-02,1.596424365939468903e-01,-1.848794077362209964e-01,2.946152904424419461e-01,1.304920836941764195e+00,1.509646606666403268e-01
1.352877763743119410e-01,-8.072309447014361372e-02,1.084201856728435942e+00,6.670218077737157802e-01,4.027879284135622573e-01,4.438895075240935628e-01,-5.609789532398277156e-01,5.326244893315154050e-01,-2.159362107503029655e-03,1.494811126472333385e+00
1.051432042590636717e+00,3.970242680887068332e-01,-7.508460558192324719e-01,2.363351998342000382e-01,2.602075661807929860e-02,-4.957826160493723489e-01,-3.889998496589215371e-01,8.240066444611835461e-01,3.210277455910550137e-01,-3.299195895066120987e-01
1.758110796379461493e-01,-5.848842245507776538e-02,-4.173332746547401828e-01,-2.216553708203933271e-01,-6.388280002322103135e-01,2.378402358901832714e-01,-2.105150863244518444e-01,-6.018780895730581060e-01,-7.803702932622588184e-01,-1.942061586458020406e+00
6.118085862234662331e-01,-1.045817783095223490e-02,-7.478032974032137181e-01,-3.674514064467460095e-01,7.788717350404245066e-02,-9.805842849533515926e-01,-8.091632361385767691e-01,-1.067245144371699483e+00,-6.174881311390197913e-01,5.215429773819042075e-02
-4.788512028576158430e-01,1.619173171894057114e-02,-4.664142908435647272e-01,-1.083475015571424976e-01,1.199386702394149795e+00,-2.149805968656795796e-01,1.208721651199749364e-01,2.468632497211942917e-02,-1.157216263567009545e-01,-1.325882175848509092e+00
8.623461116959280082e-01,-2.811421783086160975e-01,-7.881529198765061528e-01,-7.833086252507452940e-01,-3.615784419076529810e-01,2.175594248234694328e-01,-3.248816033545475768e-01,-1.504158842326742684e+00,1.818514851120233977e-01,-1.469464096422100630e-01
5.039322332782740776e-01,-7.792495627891900256e-02,-4.968418750037524312e-01,-3.109104334469561248e-01,1.092827362747180286e+00,-8.736124975023897843e-01,2.180478531521829466e-01,-5.527303928251464660e-02,-8.339147366772775571e-01,-4.894142544740674450e-01
3.725478183940597043e-01,-2.177144920960221164e-01,-5.624596217144181010e-01,-6.027371173196275356e-01,3.830571133380852866e-01,-2.590520578799186402e-01,3.636569995092594487e-01,9.482017053462347134e-01,-9.659441412909079705e-02,-1.174603216219654689e+00
-9.806892801679648608e-01,-3.539884567767320744e-02,8.766328152182859546e-01,7.252819364958777992e-01,1.391560978102695800e-01,-1.805252262006062647e-01,-3.924398244314513118e-01,-8.863115708931393888e-01,6.841524339066673566e-01,7.768448704453132514e-01
-2.091571594721117311e+00,-1.803376722007572486e-01,2.326263817757042718e-01,-1.700172000070729605e-01,-1.427709252571751075e-01,-3.051673248924931595e-02,4.380229855769399855e-02,1.053280006062366825e+00,-2.188370357995473095e-02,-7.566126833367740057e-01
1.354646531698542322e-01,-1.453902764625865374e-01,-7.489939420007862836e-01,-5.694114306920885493e-01,-5.626758937244001613e-02,9.112970172281439352e-01,3.850908247794071482e-01,-2.452131158020728549e-02,-1.177223224646391092e-01,2.152221255008768541e-01
7.716583316746365995e-01,-2.358714378745465079e-01,2.805167533669562507e-01,-3.237118605056152343e-01,1.739790107714250245e-01,-6.663268625285595492e-02,3.193281300336006101e-01,5.315246608406668516e-01,6.916257048181850831e-01,1.699377137620492029e+00
-9.796019709387303598e-01,-1.518899162880247844e-01,-3.200972991863142436e-01,-3.619971643415529350e-01,-6.092280549514051957e-01,1.107873931957256003e-02,-5.988768994521215250e-02,-5.910385685334337280e-01,-9.986502608174727125e-02,2.453290067309684130e-01
1.106822907675890866e+00,-8.875515462268497580e-02,3.204694943077244784e-01,1.661205220861337040e-01,-7.349553936776449525e-01,-2.690760015834107177e-01,1.056568471973475809e+00,6.817065975798249078e-02,5.405763893048801672e-01,6.647333782275177683e-01
6.878512106922699543e-01,-2.657992311472475722e-01,1.127461943773572450e+00,-1.465659641908106381e-01,1.112376939786705599e+00,-3.227835290828472981e-01,1.512858460477619835e-02,-5.604051956129243450e-01,8.147614768231046245e-01,1.182175455215271231e+00
-8.883645801249527574e-02,-6.806739922779174445e-02,-1.176435352529336287e+00,-7.288016300360169453e-01,8.973070910647552578e-01,-5.951884831274760479e-02,9.797180029343013352e-01,-2.225722132318984636e-01,-8.596767460681148387e-01,2.915449412487771119e-01
-1.514286565553172759e+00,-2.608312757127327353e-01,-6.677655216775025826e-01,-7.147201939538964099e-01,-1.244241482162938006e-01,5.247068641544561096e-01,6.699752931508331510e-01,4.864568384825193048e-01,-2.013907551938779461e-01,-6.307366305809414264e-01
-1.574555980426877833e+00,-2.121215592396943073e-01,-4.433951619571618319e-01,-5.440979989805972972e-01,5.686054123540285055e-01,-3.533828181832017190e-01,7.224138112277571355e-02,5.545711709422841418e-01,2.582596060728116205e-01,5.857487439041173527e-01
1.214201621305617040e+00,-3.026928557726619728e-01,1.091213430469696766e+00,-3.235721623928719537e-01,-6.678065174747342680e-02,-1.489443365790462936e-01,7.957489697354990232e-01,6.724025047415638223e-01,6.527669225743849557e-01,1.366675442854550893e+00
-5.463233690775557427e-01,-1.527229177430446949e-01,-3.182901272957935901e-02,-2.182932583462362797e-01,1.031855909604108446e+00,-2.049307993916040793e-01,3.556030229200271564e-01,1.664137639025470572e-01,2.149442935737860549e-01,4.559754448694170459e-01
1.436646865367975368e-01,-1.699013026480123978e-01,-5.807161722105307344e-01,-5.256879266395024786e-01,1.038822023803022576e+00,-1.302548156948793723e-01,3.361597709859060479e-01,5.164991740034747814e-01,6.097694507218496263e-01,5.871250358721221696e-01
-6.011863094864766666e-01,-1.816456038766821324e-01,3.395198078688854704e-01,-1.251179592065659318e-01,5.359662722846755267e-01,-7.394719351826717357e-01,-4.510960843267646792e-01,-1.522708555022153742e+00,5.637653037075959217e-01,-1.114484237752283446e+00
6.342802986805404775e-01,6.272432362386290428e-02,4.380787217790587107e-01,7.558470814696854889e-01,-1.294868939182760137e+00,5.971045340970446702e-01,-5.544816747849805605e-01,-9.633601068567967385e-01,5.880018292584168194e-01,-5.694112513270841447e-01
1.088499416703651246e+00,-2.520040006261194399e-01,9.596684074320903368e-02,-4.381333041986763543e-01,-1.156801092957278954e+00,-3.668920823810700033e-02,-5.568083684453847271e-01,-1.288711872472184106e-01,-3.098563467640826768e-02,-1.333314636107798823e-01
3.172375919790013654e-01,-3.476359637995504737e-02,-7.472741220265147755e-01,-4.033511477736844153e-01,-5.813950550053520461e-01,3.211020977628965545e-01,-7.989634210819437365e-01,-1.500540452272710878e-01,-1.112239109525628100e+00,-1.385622162836667837e+00
9.242366403348602211e-02,-1.392579001917317039e-01,-1.006040881232284967e+00,-6.956651040109006479e-01,5.698557234169129293e-01,-3.629790994047473185e-01,-1.466733968267606159e-01,4.094135359418472619e-01,-9.149176552199630441e-01,5.800155340563490913e-01
-3.364382946936720908e-01,-2.794597846006380837e-01,1.513979614524205708e-01,-5.002100655704282417e-01,-6.877522026994385973e-01,7.559277251687078758e-01,-9.727652118996481245e-02,-1.288636094613093419e-01,-8.296877632117060086e-01,-2.898874541006595251e-01
-5.313937410336266876e-01,-2.180998085009617782e-01,7.862761196469458813e-01,-6.591938000453977098e-02,4.466341841368439702e-01,1.253327886507897282e-01,2.016986407884575894e-01,8.364004766257244761e-01,1.461162659301791678e+00,1.510086368311171601e+00
5.701785751705463756e-01,4.430970476930399388e-02,5.931271071518413596e-01,8.208073723073445738e-01,-2.514669854181556530e-01,-4.631420193720932610e-01,-8.166424525196313011e-01,-4.410935055834681179e-02,-3.664083544427044759e-01,-9.955305379123257081e-01
-6.628528195109940901e-02,6.218144609061621031e-02,9.781895456165523584e-02,4.633205702092521583e-01,-4.006275960996775187e-01,-3.503312801585931058e-01,2.660955647145734626e-01,-1.325073822195802720e+00,7.683446447265548374e-01,6.416950181896967642e-01
-9.080858453306905886e-01,-7.894301790720560652e-02,-2.809383213105944299e-01,-1.779499138924199864e-01,-1.275618804787188587e-01,2.091258014886851480e-01,3.361639337138610517e-01,-1.367008296121109412e+00,-1.635315354812885147e-01,1.617092684319947904e-01
6.463822062494224419e-01,2.827293315744411339e-01,4.141335359834327212e-01,1.479311523590167932e+00,-4.916092546205982905e-01,9.750678379030114362e-02,5.714983233666366402e-01,2.958308712978231503e-01,1.027784374537166201e+00,2.224437673715930208e-01
-3.156255033134928722e-01,2.885328888056813978e-01,-6.607539479362418700e-01,1.851014182946102982e-01,4.978754053776348054e-01,-6.470484655073858171e-01,-3.808074068614177299e-01,3.535650235211448278e-01,-7.209680951828818796e-02,-9.968416788477378887e-01
1.370333025577743058e+00,-1.203206888933202046e-01,3.445020320195996133e-02,-9.527002033311023077e-02,2.019483765221611604e-01,-3.264584495689356464e-02,6.194462028301871842e-02,3.423070827952023887e-01,3.795306371465711481e-01,3.229575131778847363e-01
-2.235276012870948570e+00,-9.166789994159732502e-02,-4.701185184804571593e-01,-3.208818040015236073e-01,8.333663671536462036e-02,-9.380053126860700419e-02,1.984019029982531379e-01,-2.644169169873358035e-03,-3.629508499820511824e-01,1.189639374055730531e-01
-2.657965470038951006e-01,2.732153682704685504e-02,-8.766575016293999267e-01,-4.138478901780903718e-01,-7.919191290653930793e-01,1.417964209093305894e-01,-1.023606081246593469e+00,-1.930040360768084939e-01,5.021359032459556115e-02,9.937011895999338096e-01
5.070111584383136805e-01,-1.624458008563089972e-01,1.681905444709862474e+00,5.939296162679464919e-01,-1.538567620202196951e-01,-8.061061046892645243e-02,6.218223868403462973e-01,7.603437110825023160e-01,7.401895068185311288e-01,-7.589066720318519976e-02
6.729792939932115470e-01,2.895961864920113329e-02,2.024633853038660392e-01,4.518091783543948248e-01,-4.593070943275638363e-01,1.665573153351853353e-01,-4.521838068023807944e-01,-3.201043991783568687e-01,1.371721725744268205e+00,5.099856288840828311e-01
1.212530712079171513e+00,-2.473565654072176212e-01,-4.201563873103350555e-02,-4.732483298109704806e-01,2.466518190237201591e-01,-5.593389464673018674e-01,-3.805319713614011695e-02,9.115261714966380602e-01,-2.021196907544126620e-01,-1.311598171553446601e+00
9.307331061479693357e-01,-1.235669987706754930e-01,-3.672388496404433572e-02,-1.435480839083416449e-01,1.397103940738698147e-01,3.383904471379322598e-01,-1.137173760534083283e-01,1.102236087529535835e+00,6.245588608919339091e-02,3.611529372625330581e-01
2.463062441485037446e-01,-2.896667928907437628e-01,1.258168261818204847e+00,-2.180760244388603442e-01,1.245103587564654890e-01,-1.368782342679540076e-01,-1.812029288770992119e-01,5.501850861976800289e-01,6.646207500966495596e-01,-1.710093854062653129e-01
-2.325639497849638360e-01,-1.811227686376477020e-01,-1.200690067941237171e-01,-3.342045924378850286e-01,6.361836665926233758e-01,4.709345202918461815e-01,-2.559549981688188924e-01,1.181899172566874379e+00,5.905511612793323817e-01,3.706526679118980483e-01
-9.942828885754534385e-01,1.887428506285806773e-01,-7.311342730371978016e-01,-5.253509766209038534e-02,-3.561220832980879214e-01,9.280519806807338012e-01,-2.712856609415255082e-01,1.527399652315296064e-01,2.492065181416172337e-01,-5.226301290536008448e-01
1.028280306503253305e+00,-2.017696777436858435e-01,-2.151882807557539967e-01,-4.265209821283920122e-01,5.517672174130040519e-01,-4.955849021369429508e-01,9.720721251120646444e-01,-2.067246607444316597e-01,4.579726197130113419e-01,-9.704052141215126215e-02
8.320198038608394020e-01,-1.784695909704334393e-01,4.227326358547900953e-01,-7.623899322293149761e-02,6.304297160823469914e-01,-6.006350229346187584e-03,-4.339897750408356902e-01,3.213702789968299056e-01,5.793472952435417822e-01,7.597559878779082121e-01
9.417863912313363395e-01,2.403630112370657435e-01,-5.129817239930694051e-01,2.754526766383932901e-01,-2.581907346357608865e-03,-4.897343282683209176e-01,8.043824127273535574e-01,1.138615369268919819e+00,-3.812438707821581563e-01,4.515686555312677930e-01
8.615692706854218841e-01,2.383944612382682127e-01,-3.466883618654348354e-01,4.614670636703182560e-01,-1.345519471964020441e+00,1.590753773382073688e-01,1.446533004018398516e-01,2.379425319039210063e-01,-6.542176978921095953e-01,3.218732175285017871e-01
-8.762995992712766524e-01,3.591261282025933529e-03,-2.211415037436168241e-01,5.324511540156669914e-02,-4.665637418816931392e-01,9.361084307431976059e-01,-4.615821288416148693e-01,1.901229097909895582e-01,5.706136965512733639e-01,-6.730492457770699266e-01
8.233265517610389717e-01,-2.016953679310074243e-01,1.531177814266920512e-01,-2.697416001451112266e-01,-7.479668276869699817e-01,3.056956735691740423e-01,-9.281426967803889649e-01,3.648971642851360775e-01,4.750024239221402600e-01,-1.946845968197968846e-01
-1.470681279054217638e+00,-5.251926485422860058e-02,1.338028801771815879e-01,1.584845831388633497e-01,-3.232949190108380111e-01,5.379321371634266935e-01,-4.764072228665242603e-01,1.085638088433171083e-01,1.130667463222012475e-01,6.947960094553836674e-01
6.153929001801108356e-01,3.928375801003161638e-02,9.345325770388918096e-02,3.941024947870244155e-01,-1.529047252142176738e+00,1.946645720608874974e-01,-8.849056822646486076e-01,-8.847866152064797207e-01,-1.176712902567750296e+00,5.251273936615170612e-01
-1.000164413347589126e-01,1.372589321918720739e-01,-2.481294479552615673e-01,3.408186935738283796e-01,9.872526318014587243e-01,-2.015079486789141117e-01,2.447432760029863152e-01,3.921671809534210129e-01,3.356809612797825304e-01,-1.497939203623754878e+00
-1.119733245163057500e+00,-1.358790720329404178e-01,-1.021519261000728429e+00,-7.002798206155885774e-01,3.860218472095298115e-01,9.138828353155881157e-02,8.591921827880577567e-02,-5.362504833472397925e-01,5.133302715194821425e-02,3.604415963220043428e-01
1.148249946601076932e+00,-2.135752682353268539e-01,1.249391926174747286e-01,-3.163085289422428170e-01,-2.246607407937321610e-01,-1.389242076101127599e-01,1.154606489079278153e-01,-4.442092661221224148e-01,6.206243809514745413e-01,-1.637166871717387895e-01
-1.765886705331179141e-01,4.632336358779592239e-02,4.019625023193576507e-01,6.698278014449903228e-01,-7.137342118623623000e-01,-2.670301783639725257e-01,-6.678062612431844292e-01,-6.269629728406853619e-01,1.307324468195545097e-01,1.207331327653587527e+00
1.625556208194525384e-02,-1.715631453142464624e-01,-1.997099009873107012e-01,-3.479478120365217531e-01,1.369523231493409432e-01,-3.847857658197577635e-01,-1.058662637828567954e-01,-3.820733751375850473e-01,-1.654342566771794587e+00,-1.314963104740286326e+00
-1.185614133567811423e+00,-1.686762639723109469e-01,-2.211415037436168241e-01,-3.513306452833823701e-01,3.350175810387737707e-01,-4.436802568220079568e-01,7.689824624563176281e-01,5.615638391117069306e-01,1.716623629679267515e-02,3.525844864263825290e-02
4.638876760549596745e-01,-2.914259943472523595e-01,4.327869680120695617e-01,-4.569691549982280443e-01,-1.871935912966234683e-01,-2.889823317167500294e-01,3.573909716030453931e-01,3.157874383161791976e-02,5.987898508079265714e-01,5.148804660967647440e-01
-4.413578719016046370e-01,-1.579135525754916114e-01,1.474291461271786952e-01,-1.430995794411131505e-01,5.964331840526783390e-02,-3.507399977919042344e-01,4.086294997352943326e-01,9.085848603942754398e-01,-7.082468831750320104e-02,-7.554737911350447588e-01
1.206791074187795632e+00,-2.498693132355500335e-01,-3.383538496824268771e-01,-5.826727252223620201e-01,1.972639258582166710e-01,-2.511766023107643853e-01,-3.614110041265026219e-01,5.092932909431321375e-01,-1.706454307202630652e-02,-4.828645725471246153e-01
-1.567653919046188005e-01,-1.927370679697773259e-01,-1.015478686096616401e-01,-3.552448660882856490e-01,4.663560509968672774e-01,-4.345661681823502209e-01,1.225241965916407105e+00,5.723888974879903779e-01,-2.530384813606990635e-01,6.552572379548621262e-01
-4.038871591782222104e-01,-1.621077125877262992e-01,-2.400595234606030803e-01,-3.451658811980641839e-01,-8.827045689281153296e-01,5.506089536855314492e-02,-5.469864468215014652e-02,-2.749078010962370811e-01,-6.186148241879066978e-01,-3.304233544172570647e-01
6.943271815847058548e-01,2.906766475909250969e-01,-6.455401558561479902e-01,2.072525927267303836e-01,1.209559033721951060e+00,-5.638178717822095454e-01,7.640462242787500191e-01,6.267906511035092887e-02,2.191775061349577891e-01,4.690275643115288107e-01
2.373372179248391112e-01,-3.354685038507414924e-02,-2.786019740433748337e-02,1.010526169128206780e-01,8.921121422853894867e-01,-3.673262272015934138e-01,-5.796184366646148778e-01,5.814271192193235516e-01,2.280532013989221007e-01,-1.320739211381118716e+00
-3.378169369451408666e-01,3.153162902989405103e-02,-8.860503645658056593e-01,-4.160035189512825138e-01,-1.105785037158224293e+00,-3.410388224649373856e-01,-1.026620368456718557e+00,-1.126167292946388260e-01,-1.541372069140888090e+00,-2.267966448416766645e-01
1.496796765180631983e+00,6.704574214463336901e-01,-7.691026063153451053e-01,6.093452027473665877e-01,6.479615749995809582e-01,-2.264172691269615845e-01,-3.990720136978711391e-02,1.786766519328529257e-01,5.429207564244700190e-01,3.202015200738820844e-01
-1.121170742211130777e+00,-2.660115749670831642e-01,-8.585332449774619734e-01,-7.842891856880391810e-01,-3.162906654482630642e-01,-2.602964565113952689e-01,1.064895057345320639e+00,1.051245020999914542e-01,1.327894652384128682e-01,-4.926512423282239372e-01
4.108213874208268002e-01,-8.823309869533116356e-02,-1.055518778953633774e+00,-6.711170040653955393e-01,9.234622151275357904e-01,-2.101283763197684673e-01,-6.600920864964292534e-01,1.824677643334952915e-01,-1.177223224646391092e-01,4.299747264504928945e-01
-9.520108063410733790e-01,2.555337728957423615e-01,-9.277229254808453396e-01,-1.808020279932605612e-01,7.141532872381155528e-01,-7.816119828268327518e-01,-8.249319342140664091e-01,-1.856215091019599583e+00,-1.032526379653932347e+00,-1.281759907473842830e+00
-4.475276172131432695e-01,-1.674725324593954179e-01,-7.796861138493234034e-01,-6.170778972665538209e-01,3.977287450608758546e-01,4.634637081184392327e-01,-7.237996351688099628e-01,-1.036925233119195600e+00,-2.576642917150895329e-01,3.092125158739213453e-01
7.831792852172921038e-02,-3.886613400298866844e-02,-4.640330016484195963e-01,-2.140521840622350291e-01,7.890014549456829673e-01,9.669803379515712338e-02,2.661694082020069074e-01,8.168594195461670315e-01,4.681545228661858626e-01,-2.121629155852078896e-01
-3.226005059725149948e-01,-2.544115271352846985e-01,6.702544183057084215e-01,-2.500662238450542807e-01,-1.456959630202765144e-01,-3.492197464385853323e-01,-1.216729228678461172e-01,2.969385786769822011e-01,1.369751753722701526e+00,1.766141319325229388e-03
-1.202033442929560714e+00,-2.678972403558240595e-02,-6.590341279619704729e-01,-3.288312281874380405e-01,-6.696044634749537261e-01,1.795851453142344734e-01,-8.923224800790022782e-01,-1.698744007387825938e+00,-1.475612294009069236e+00,-1.580393296613413989e+00
-3.939024551763354864e-01,5.910761747602343297e-01,-4.855968982489004548e-01,9.796354371401863048e-01,4.615934949130224840e-01,-9.943468865126828815e-01,-5.025557809056522274e-01,-2.460094625309827421e-01,8.721557370116722607e-01,-7.966684045659099267e-01
1.115616272718883639e+00,-5.201326204198821607e-02,-5.785994707037350748e-01,-3.163332601870825767e-01,-1.072791680242410894e+00,-2.980200667256527880e-01,8.979426894459738295e-02,8.570649006830669547e-01,2.510240071706412168e-01,-1.095861446501000591e+00
8.282924143539434347e-02,-2.092226021151303295e-01,-5.976497842648961223e-01,-6.020386267559110216e-01,4.258743242841881993e-01,-6.112503656651867567e-01,-6.211073371397932696e-01,3.705481762864801243e-02,-1.406485770748268013e-02,3.125078149071033318e-01
1.138190309405385126e+00,-1.001475147745145983e-01,-8.632958233677522353e-01,-5.694622300058134190e-01,-4.226329077553730995e-02,-9.487127195786308753e-02,-2.126130216548225149e-01,2.823718981348844470e-01,2.478411302285024320e-01,1.248217904436309755e+00
-4.951662774853136662e-01,-1.146605873824341204e-01,9.527017756187552422e-01,4.407643380913787712e-01,2.706324806432226782e-02,-4.063393364669356522e-01,-2.232572443279212671e-02,2.168105021435945412e-01,-2.732473415695313990e-01,1.575810948968950242e+00
7.620082120292881456e-01,-2.705033265488140937e-01,-5.775860618782627937e-02,-5.392834271811235425e-01,1.121670625732076987e+00,2.810751597246165939e-02,7.265620540072814659e-01,-6.502761508590032546e-01,9.834647489506955775e-01,1.033467204318813337e+00
2.783964700035068685e-01,-3.086416291407463597e-02,-1.317196002731248150e+00,-7.981660876912149982e-01,-1.249565561192723884e+00,5.473166895793830228e-02,-1.202730867407601600e+00,-1.897005073242246320e+00,-7.183377951283548279e-01,-6.879297170957486829e-01
1.600610355315784661e+00,7.914962588972573876e-02,8.168359976513083209e-01,1.146034604954097036e+00,-1.859128977257377413e-01,-2.206679689621611484e-01,9.406685308354358899e-01,9.415004083519006306e-01,-3.207551686802535551e-01,6.134341972355276118e-01
-2.216469904490999010e+00,1.450738496416429518e-02,-7.930477921109710948e-01,-3.653412296910971691e-01,1.089967304774156626e-01,-7.056135005439304608e-01,-4.030155611992926601e-01,5.079280860133160713e-01,-1.466404227195851340e-02,-8.492270877040817290e-01
-1.201591375832619990e+00,-1.322061085506224531e-01,-9.785237616439413921e-01,-6.732940220233138984e-01,5.461461210392491994e-01,-2.333073083305649831e-01,-6.739332820124506185e-01,-2.139271685264820366e+00,-2.006623750128712080e-01,-8.885660266066375268e-01
-4.930483215194370744e-02,-1.528006797608692513e-01,7.733113229178224524e-01,1.878566126521600543e-01,1.284513054032066615e+00,6.216233673840940721e-01,1.316704415123412186e+00,2.479699526262225118e-01,6.850177218897022247e-01,4.166182122351062139e-02
-4.075412970944901070e-01,-1.413374187486041711e-01,-9.561661019784121196e-01,-6.717934370323630500e-01,1.030601352955073935e+00,2.850607320290800550e-01,1.543810449327368273e-01,5.595085801778791890e-01,1.939743833117662242e-01,1.665941784749413734e-01
1.399049072432289265e+00,2.436977379767497291e-03,1.245864934309955041e+00,1.161226941817936842e+00,1.017071548651675705e+00,4.549551225837847879e-01,3.886921300704859195e-01,1.785506637962014642e-01,4.260038909986665345e-01,2.623693084906755235e-01
-1.387240162399203669e-01,2.412488769645154407e-01,-6.668394647682794885e-01,1.008815034350107054e-01,-5.751370635043901586e-02,-9.279771977682256534e-02,-4.091899585239396342e-01,-2.438989624758172436e-01,1.725341608419153350e-01,-1.070259222246298769e+00
4.864560198445906924e-01,-1.660216321889312341e-01,6.744878213192997407e-01,8.767702392666633371e-02,-5.076911101687373584e-01,-1.643215851019576845e-01,4.248030520544217037e-01,3.891659794425452734e-01,7.013111166253447326e-01,-9.089354994368091800e-01
-2.511792756216860156e-01,-2.904201809180265159e-01,5.085463987962637877e-02,-5.608363728529314196e-01,9.336177207655229626e-01,3.450916168083227320e-01,3.390876008151393339e-01,4.722490876968945539e-01,7.730890660836479134e-01,3.547691829940551878e-01
-8.027449918460256573e-01,-2.731041760808647911e-01,-2.032818347800283698e-01,-5.910626329312326233e-01,-9.746905003303254489e-01,7.343352932490195828e-01,-1.429461628530723782e-01,6.000350544725718827e-01,-8.749578312546595071e-02,-9.566268637052849355e-01
6.822206938915315044e-01,1.331892219549759560e-01,-8.459653297808628070e-01,-2.482909215127757363e-01,-7.057387830711352172e-02,-5.095718789041465691e-01,-1.315325186071284458e+00,-2.891102403725249181e-01,-4.089041924004454542e-01,-8.658468639920958720e-01
1.427447934813527608e+00,-6.886833133643643912e-02,-2.551410216965221966e-01,-1.387281648126863220e-01,-4.741618187800125672e-01,-6.664435828311106036e-01,-3.916033205164928255e-01,7.010201235854757185e-01,-5.724010448159644326e-01,5.321698895376350547e-02
6.637990313527816211e-01,-2.860282835853238392e-01,1.507939039620093569e+00,-1.288256406964564116e-01,1.443882383070618225e+00,-3.697039694113963826e-01,1.248110053889523341e+00,4.996866974304213227e-01,8.076874566076411854e-01,2.210045156618427320e-01
-6.307413808171692393e-01,-2.545459580676822098e-01,1.224433331553648863e+00,-6.256194641454160266e-02,3.653604029095647854e-01,4.284844856199401808e-01,-1.499258710087541246e-01,-1.289832425023468288e-01,1.255704529532429836e-01,-7.737415243214712524e-01
7.036157129151517919e-01,7.199308908836075591e-03,-3.376923804615532543e-01,-2.742620002954388944e-02,3.354501175571386051e-01,-2.939125940776902146e-01,-4.208763651286608065e-02,3.982825069123802630e-01,8.635838335333010374e-01,2.369073693124703617e-01
2.456013068479312722e-01,2.095710963921271555e-02,-1.391193203552847368e-01,1.585995500067669262e-01,-3.162906654482630642e-01,3.705131680357189039e-02,1.713488164027771599e-01,4.553108113432026705e-01,-1.646385254561831199e-02,9.804866969302952207e-01
1.627534250255217863e-01,-1.828237691769359630e-01,-9.555046327575384968e-01,-7.193422630908340443e-01,5.600005272478842944e-01,-5.724875299419829311e-01,5.732197981116770036e-01,4.012976058578829885e-01,2.697143959832322760e-02,1.071940583501376637e-01
-8.100848808519187649e-01,-2.928744715457581860e-01,2.084607906377738296e+00,-4.445526277259020421e-03,5.173982281563320740e-01,-3.935951308202668142e-01,-1.529975090029424833e-01,3.890256111802302130e-01,1.388166427882326026e+00,3.747698561435733322e-01
1.479078367437113850e-01,-2.348712683723045980e-01,-8.447746851832902415e-01,-7.383204856512197711e-01,7.897633750654396989e-01,-1.686323586732093316e-01,3.552817722187193716e-01,3.663234741420040019e-01,9.239282798553498377e-02,2.977636414209567373e-01
-2.621275382152863931e-01,1.143734921357307532e-01,-6.633998248197364722e-01,-1.019133674266781697e-01,7.036478745999122930e-01,2.580155187671734351e-01,-9.359107887298203643e-01,5.004906687813007737e-01,-9.528929591775625596e-02,-1.749552691349535172e+00
1.695282356495869946e-01,-2.146336312616801412e-01,-3.324006266945640498e-01,-5.042298954749173667e-01,-8.107159213921827368e-01,-6.984813994390149938e-01,-4.450860286017351286e-01,9.820838972024704960e-02,-1.912435900437331471e-01,8.990276674658371769e-01
6.916121120283209578e-01,-2.378949758102914258e-01,-7.263716946469075397e-01,-6.989797592314463959e-01,-1.442175634392228734e+00,-1.698747267195080402e-01,-4.050787605944488057e-01,-1.578513740260752307e+00,-3.681418072137924713e-01,5.546843153248567360e-01
-4.265599176657266373e-02,-1.864965649845160556e-01,-4.968868169316779937e-02,-3.160431693692328237e-01,-1.124425876490265486e+00,-4.890624251741871875e-01,-1.321942623661850058e-01,3.384636094680888996e-01,-9.867110975926733918e-01,-9.564814136781872866e-01
-8.149951456739149003e-02,6.287551408474773701e-03,7.016080593751192751e-01,7.639823241979092350e-01,-1.059810465311660455e+00,-3.765101271718053200e-01,-7.751999886976125298e-01,5.907093465834163393e-01,2.386883658080274639e-01,-5.426708367743068306e-01
7.097541400759059815e-01,-4.042389101747298485e-02,3.506324907795627110e-01,3.429255282693637330e-01,-9.291176804721831828e-02,2.117651460969811328e-01,-2.890752270324751794e-01,2.341075801580784488e-01,-1.719730820856514575e-01,-2.021303317671492294e-01
2.737571032693789652e-01,-1.798178064081581429e-01,-1.850252842839157641e-01,-3.608555166067894393e-01,1.622104463529228380e-01,-1.699413121175271171e-02,5.345334673857176089e-01,-4.608815315309078842e-01,-3.265516286982129146e-01,1.374789730826159406e+00
1.448402184955593475e+00,-1.896973656515962003e-01,-4.062205917440629421e-01,-4.830058085182755701e-01,6.046686172651875024e-01,-3.062281990964700884e-01,9.372224476291037831e-01,4.787331480393707817e-01,4.403314660971300448e-02,9.279965051298791900e-01
7.745961993002435930e-01,-1.343277603159112599e-01,-3.624313293222276022e-01,-3.462152880736957261e-01,-7.409155052785059148e-01,-1.160510595574575504e-01,-1.508882797167558909e-01,-4.158679479747059982e-02,-4.420635491161305497e-01,3.394426312991603023e-01
3.047714401656229088e-01,1.455660766839831921e-01,-2.367521773562348553e-01,3.712254248982573279e-01,1.918945297371261738e+00,-4.124743452019901530e-02,6.718103388517338015e-01,3.769713903541054845e-01,4.342842485560663990e-01,-5.014248686686774148e-01
2.062423959379743876e-01,6.674156512781515005e-02,-4.317533036697857041e-01,2.007717401138375476e-02,-4.337332118616007426e-01,8.614864876594324761e-01,1.682168390818566950e-01,8.809865860465644349e-01,3.212200007953672221e-02,9.695651230452031477e-01
7.629020571712876730e-01,1.029942599550021654e-01,-1.135688848523519701e+00,-5.552531272273580898e-01,-1.018817297774548880e+00,-3.475053550333003227e-01,-6.093607869840458324e-01,-3.404737410506616380e-01,-1.941318065647892332e-01,7.400006860219603411e-01
1.008659474436243153e+00,-9.506182634730463155e-02,-6.508319096231371947e-01,-4.356508219463862130e-01,-7.512916761766132989e-01,9.469726159702583912e-01,6.244432993255958353e-01,7.702194150974233100e-01,1.291867731743146508e-01,4.060424255155866136e-01
9.596170329155315759e-01,-1.649977040277108772e-02,-5.713233092741250019e-01,-2.482849058045714652e-01,1.277910667149865676e+00,-1.157167981050014199e-01,9.151358321215026514e-02,1.450057415511210590e-01,6.539589413589030897e-01,9.587495131853348562e-01
-7.930378608318557898e-01,-2.026864569138085437e-01,8.425010034212058185e-01,1.934325761046438996e-02,-1.267775803060908535e+00,2.873144214955847819e-01,1.392752712653725078e-01,-2.349585171148436680e-01,4.739244321432035667e-01,4.970599954975694068e-01
-7.763609813219695122e-01,6.841396689802595708e-03,-1.222076728769617926e+00,-7.041131635657457144e-01,-7.441269536469696799e-01,7.901271810323885481e-01,-8.579180543809462600e-01,2.244167887180975249e-02,-2.971087867945521044e-01,1.152147837387323126e-01
-1.948730981736210011e-01,-1.894057552854626347e-01,-1.831731704654695481e-01,-3.831116317264726678e-01,8.206169535413084803e-01,3.472830827537021769e-01,-6.665044819650209340e-02,4.109542465293159474e-01,8.939505040885887821e-01,-5.536788891020950620e-01
-1.166673939179966174e-01,-5.477487818187415369e-02,-1.205981821708226459e-01,-1.705979796956349354e-02,-1.534293495487644376e+00,-4.456985320615310386e-01,-5.033674537641276148e-01,-2.512252733904797974e+00,-1.571437406690946448e+00,-9.881585350968533632e-01
-1.892399540320903517e+00,7.743481480317251919e-02,-9.496837036138504606e-01,-4.137630018512080676e-01,-4.418352609496093986e-01,6.716095607028087222e-02,-9.096243345982056860e-01,-2.209108526355766100e-01,-6.345295617259918419e-01,9.439303616897855298e-02
-4.315820428007071663e-01,-2.578699673937251968e-01,-1.151167228291962941e+00,-8.713057364505956137e-01,-9.934247688952854149e-01,-4.200874425860954275e-01,4.746950149364109195e-01,-1.273024191323183785e-01,-1.348993111937117018e+00,-6.759493941310890097e-01
8.252288025055322385e-02,-2.850213972558302000e-01,5.862478272547554381e-01,-3.906580034627019082e-01,9.887123667367885282e-01,-9.894726036455045448e-02,1.477365148274976392e-01,-9.261561037961978382e-01,3.598847589094293919e-01,1.117859545479198413e+00
-1.252043043128195920e-01,-6.288418969424007521e-02,-1.273935915686111642e+00,-7.881432494108998599e-01,7.385930939132578921e-02,-6.289466217667565306e-01,6.146798428904313161e-01,3.828869252891570762e-01,-3.500954486339081795e-01,4.082351184183283938e-02
-1.863369789056755210e-01,-1.274849351116494334e-01,-2.137330484698319877e-01,-2.505474805013948592e-01,-8.630752238492633843e-02,-4.914742263146412160e-01,8.598481297028022496e-02,8.532127508800440019e-01,1.881745741702678110e-01,-1.351496846340100866e-01
4.745117071423234356e-01,-1.067387444472981811e-01,8.340341973940231801e-01,4.057094695611271895e-01,8.100924826855010474e-01,1.649707884458833373e-01,4.577612035062809670e-01,3.536540372676721389e-01,-7.108592776588448237e-01,2.043488221256843373e-01
-1.163696660699947150e-01,-1.161247268714667852e-01,9.070603993784736030e-01,4.087741386851848069e-01,1.403856464789724701e+00,5.423211985853275685e-01,5.705100385641084237e-01,6.546391704308162085e-01,1.456028388414793984e+00,3.930827308489360794e-01
-6.996914350309594299e-01,-6.906632823556189960e-02,-2.858331935450593719e-01,-1.588513771679490594e-01,-4.428364140237829871e-01,8.345956974750815549e-01,-5.290015748857809230e-01,-1.407783359951557955e-01,-5.438300513445929463e-01,3.990248722826524874e-01
-5.921493250291632870e-01,-9.491931793775466863e-02,2.195292912024060794e-01,8.577071283793952228e-02,1.103682777307005494e-02,-3.394927654873343137e-01,9.621942973034190993e-01,-3.146119287855787539e-01,6.410661775127125539e-01,-6.211802591909996174e-01
1.012189642920571453e+00,-1.133771470626390721e-01,-1.057812716232529732e-01,-1.558415178297524184e-01,-3.162906654482630642e-01,-6.853462348910140944e-01,6.041794440095030749e-01,1.044615932331711683e+00,1.430086853834209859e-01,1.412262107324496085e+00
1.424797114179992830e-01,1.443567913439623429e-01,4.384306613836573552e-02,6.456085602146511837e-01,1.017071548651675705e+00,-5.097981321191121795e-01,-8.496804255883140256e-01,-7.875978006066882697e-01,-4.017505764017571812e-02,-3.319050383461080167e-01
1.275598604578585649e+00,-2.253780841128258106e-01,1.183686827547832277e+00,5.874146746418961590e-02,-6.126037739085476996e-01,5.307561974938260763e-01,-2.251383822471773044e-01,-4.162529801119408401e-01,9.781753753749070635e-01,-1.126351652220318883e-01
-2.270122657267271138e-01,-2.477296994711853662e-01,-3.533030540741712855e-01,-5.832930115794231485e-01,2.976821896940373136e-01,-2.892486699867648503e-01,9.455125597165291440e-01,1.119632336533338268e+00,-1.332017001772924647e-01,2.642628778504976239e-01
4.067524552953767913e-01,-3.778007853350271589e-02,-9.736288894094764501e-01,-5.644297558869409981e-01,-1.918291997904571777e-01,-1.632815747291238295e-01,2.791870939322799172e-01,2.330185700193458942e-01,4.195559466968593609e-01,-7.491382239753556771e-01
2.847258719890747858e-01,1.980814276360828574e-01,-1.061781531557771663e-01,6.336232642357029210e-01,1.336713175319468982e+00,4.122172976361326846e-01,5.849472767217869240e-01,1.196639780161177891e+00,1.251699216052542911e-02,5.342665600658401681e-01
9.000364604004846836e-01,-1.228131407391927776e-01,1.180511775287638843e+00,5.321416088899989516e-01,-2.402390679027922027e-01,-8.191268118152024436e-02,1.145587750679918804e+00,7.000135780152810794e-01,6.910529073526823218e-01,4.447257844898934720e-01
3.001714961571116946e-01,1.345559083164824532e-01,-5.624596217144181010e-01,2.908001554506587510e-02,-1.275109598608200168e+00,-5.080984772512507908e-01,-5.369631017658557104e-01,4.635089993297188959e-01,-2.914876092476625380e-01,3.628160566518690566e-01
1.036243730127015095e+00,-1.593248577375672159e-01,1.244100172407758137e-01,-1.586334748485504209e-01,1.204571388231417788e-02,3.496996680706106475e-01,1.573412869891137322e-01,4.297621098698238828e-01,8.643011017485102698e-01,1.615650147991269048e+00
-8.061853058708859932e-01,-2.219751730460838846e-01,-9.494191159255009893e-01,-7.621547215564864475e-01,7.615300206949601192e-01,9.232942170493333434e-01,1.044526091599165651e+00,5.556642212343396725e-01,1.611324308530004967e-01,3.881422544378536621e-01
5.895328274687084980e-01,-2.374236720126506883e-01,-5.201255915785047979e-01,-6.225455076122008435e-01,-8.160360126571120087e-01,-2.943117903710201766e-01,-1.195266869375625207e+00,6.727623884977755875e-01,-4.125322762286331435e-01,-1.772495410255986448e-01
-1.709915108084949953e+00,1.579139944853331645e-01,-5.497594126736441433e-01,8.380023419503397630e-02,3.449108708588300432e-01,-1.225817859086599515e-01,1.086913239773605211e+00,5.609074979999916222e-01,-1.393277378516416531e-01,-8.571841458366025179e-02
1.474568244084764723e+00,-1.341667121749478553e-01,-9.735940752399583828e-03,-1.571816839352563611e-01,2.772879864637863290e-01,-5.671649688159636771e-01,1.079508707987988231e-01,-3.250837270222705494e-02,-1.318456730828068968e-01,-6.587027297788875524e-01
4.203827619689755046e-01,-2.012395858998292375e-01,-8.205649116993147807e-01,-6.831263628771607754e-01,-9.173829711819837529e-01,-5.752926657210719608e-01,-2.993068220614065744e-01,4.750509689739877972e-01,-2.248781035602895328e-02,-1.157958139950683751e+00
-2.087632229830423403e-01,-3.123148654525331747e-01,2.067277412790848423e+00,-1.272374937305325304e-01,7.905665318940070518e-01,6.324652096465578355e-01,7.434888485421209392e-01,7.562779807268968923e-01,5.188713306133336811e-01,1.862006593272143851e-01
-7.939141443295959222e-02,-2.074763357230456629e-01,1.103119876445422198e+00,1.081758838386838034e-01,1.197675469086669109e+00,-2.270653844118666331e-01,-1.329025661207832998e-01,-1.921072832446812234e-02,1.305523610569125248e+00,-4.352599637146465361e-01
1.347090108223303107e+00,-3.567818363503474227e-02,-1.470569510057684881e-01,1.251877085874603980e-02,-1.207062415406304628e-01,-5.732725228778878801e-01,-3.240925986277650162e-01,-9.834794250061613674e-01,-1.183901526988008629e-01,1.011249214306083166e+00
9.299436843192223634e-01,-2.067398292775658453e-01,-2.917864165329221993e-01,-4.701829922748901325e-01,8.408120230891494851e-01,2.510309974658045395e-01,6.185359633435599802e-02,6.246181731894499128e-02,-3.838859699525589142e-01,7.446993793572522780e-01
1.285884483530983724e+00,-2.566645562318298213e-01,-5.230360561503488714e-01,-6.593569629380955366e-01,-1.592356687007349669e-01,3.689734796284984131e-01,7.663535830004951643e-01,7.308926658453925862e-01,1.309938568528332646e-02,-3.387809304580726710e-01
6.022830956133008451e-01,2.513141605098694886e-01,-1.236409405868414135e-01,7.483047202055924663e-01,-1.813515764059991098e-01,6.353756926261380222e-01,-3.910014851629050048e-01,2.321090739427677518e-01,2.467336411352429038e-02,1.106605573539751752e+00
1.359543245070053530e+00,6.573326742444952908e-02,-9.938698475682099520e-01,-4.653844623639610822e-01,-2.753493938503003835e-01,-5.896344937555838550e-01,-2.745618197734795984e-01,-9.056016262642011538e-01,-5.427880905424534719e-01,-3.667758019801548586e-01
1.519179976079650107e-01,7.135370898313700416e-02,-8.882993599167761101e-01,-3.674875006959715806e-01,-9.235165661384499014e-01,-4.487890043040486110e-01,-4.629908658432003166e-01,-1.561069435303265029e+00,-2.138588889607404286e-01,2.546456285328635993e-01
3.316370024163731167e-01,-1.851472607762297273e-01,1.062241078595431043e+00,1.902141018562061303e-01,9.581992523610606272e-01,-4.587363153870149812e-01,2.935435961030195551e-01,-8.446922502744568240e-01,1.341301984859678997e+00,5.229298922420759776e-01
-2.064985014636042115e-01,-2.872628630303464270e-01,-2.307989543683720557e-01,-6.325977560215144679e-01,8.669120837328505580e-01,3.820257602095937233e-01,-1.374901947964058124e-01,7.818401264508345605e-01,4.623495778722697680e-01,1.987438494478180329e-01
5.723641133198225095e-01,1.783151703240794250e-01,-9.546235177762409096e-02,5.946842534415693882e-01,-2.001050919757706992e-01,-7.495092979490245444e-01,-1.087139798762886134e+00,-3.770176771494498924e-01,-3.812438707821581563e-01,4.136691138411762586e-02
1.575012662374317973e-01,-1.580562513632020050e-01,4.646697844581792469e-01,1.388099456099892853e-02,-4.540409855122408134e-01,7.913684665910381000e-01,2.600830818688307927e-02,5.943931152623832537e-01,3.476543284577590653e-01,-4.188834305683065140e-01
6.059660292663208159e-01,-1.339515439015712683e-01,-2.251103190688586997e-01,-2.719032446265076119e-01,2.651679720077229074e-01,-4.973236742938438870e-01,-8.614847929032594109e-01,-1.917255274368989959e-01,-7.195899222769996939e-01,3.539102528008552379e-02
-4.973208688694210622e-01,-1.043458324559115163e-01,1.277173633451440249e-01,3.306716361960313627e-03,-1.001106542337751648e+00,1.108673563740453227e-01,7.934493845459598127e-01,2.629482699013199198e-01,-4.290312293048522130e-01,6.254319617851467061e-02
-1.356390806781268443e+00,-2.234853470566891265e-01,1.279335276886161665e+00,1.047910453557551330e-01,-2.184008013920313296e-01,-3.859741261742828389e-01,4.116968603587642384e-02,-1.566585381022544965e-01,6.178448634154060093e-01,6.528550157501338269e-01
-1.528699646364332310e+00,-8.885412687437720114e-02,-6.063811779804282320e-01,-3.983527626679694289e-01,-1.049760558904744068e+00,-1.906702269111631431e-01,2.052630551917006829e-01,6.038316943354263833e-01,2.308390186436712899e-01,-1.252825813971970348e+00
-1.645895583713123056e+00,4.945949422615325552e-02,-1.025884957858494539e+00,-5.098438880535346440e-01,3.903369306051187038e-01,3.221871667371768999e-01,-5.559016946142367743e-01,-4.495024574744282964e-01,-1.308709625814455269e+00,-1.130587994232347793e+00
-6.383486803130064557e-02,-9.338062353945660032e-02,-5.938132627838289546e-01,-3.985907173480489618e-01,1.463484898446016480e+00,-9.660215491435178992e-01,-5.215911091015829060e-01,5.576305496299773790e-01,7.170527074286900948e-01,6.341132870401604560e-01
7.404452137133694656e-01,-1.294034925538500580e-01,6.093992499853330136e-01,1.916752505378179205e-01,2.795595562238262777e-01,6.722484218756825079e-03,-1.111950779914869375e-01,1.017171020713196317e+00,4.667065878051098182e-01,1.441262309869381530e+00
-2.802326932064559406e-01,-2.488251290396876481e-01,-8.786419092920209062e-01,-7.687472693363295306e-01,-1.509180035074461301e+00,1.515764098441790136e-02,-4.478053665027452168e-01,5.610792018790811131e-01,-3.786090534744675495e-01,5.217332673410917110e-01
-1.451493848856492130e-01,-1.548096232259878191e-01,2.999639484606414497e-01,-5.746329950542235221e-02,1.623396498257046572e+00,-3.889490774986781307e-01,1.147575230743635433e-01,1.970844701866283633e-01,8.381342665886137855e-01,6.634958019115205774e-02
8.841321802142336761e-01,-1.807168403073596552e-01,-7.098799060529920046e-02,-3.106410634018099137e-01,7.594753405594470430e-02,7.958111191228935954e-01,2.453902833811189566e-01,1.832725519103730327e-01,-5.756863058495709229e-02,-1.586778741961778205e-01
-8.564427230230349242e-01,3.753847669144261823e-01,-1.166513314216231612e+00,-3.626181191106367940e-01,-1.719110141126824365e+00,-9.814137543979982725e-01,-1.217759046539391266e+00,5.690073074396702346e-02,-7.183377951283548279e-01,-1.130824973629978247e+00
-9.609589568321037500e-01,-2.355941013977883025e-01,-1.115447890364786199e+00,-8.394565719811903914e-01,-5.229161455442293827e-01,1.803707596382862488e-01,-3.621102829983561255e-01,-1.284757743580133171e+00,-1.556286551687570796e+00,-1.135356290241045230e+00
1.172694989778728658e+00,-1.802804017161220573e-01,5.552910677178687360e-01,-2.140781817719599606e-02,-6.286847383230408093e-02,2.202346358913498670e-01,-1.021191680188610285e+00,2.449818794336173500e-01,-5.974314736612531540e-01,-2.467473647018550431e-01
-2.405349828033814252e-01,2.985476026642872732e-02,-2.856660855313667129e-03,2.899237969297451256e-01,-1.066878729589827851e-01,-6.213828770227002030e-02,-2.726354795888552562e-01,-1.652091754009588909e-01,-1.366002069249342699e-01,6.740606664571052731e-01
4.456416415326080460e-01,-2.106406693466800484e-01,-1.502320032659619775e-01,-4.207659546129860484e-01,-1.171967004746533314e-01,-3.599105386778146398e-01,8.984355935525483172e-01,4.071507104182118808e-01,3.846757484011109618e-01,6.688655153413356480e-01
-2.101035220009127291e-01,-2.901683320446099557e-01,-6.979734600772663500e-02,-5.940785079776335076e-01,-6.924665942006572594e-01,5.916217298199227814e-01,6.327074080626852171e-01,1.618887927792704851e-01,6.557441873330236426e-01,3.208082567077855107e-01
-5.189791488083278503e-01,2.272853943143061245e-02,-1.246992913402392433e-01,1.743894472188964595e-01,-2.904624804362671009e-01,-1.168780137467500951e-01,-2.512606630067910213e-02,8.900933145576203076e-01,6.009958819794354312e-01,-8.146130341846319345e-01
-6.089771076260527272e-01,2.310161171157592008e-01,-7.736005970172858959e-01,-3.624455984496212368e-02,-1.023092307707568649e+00,2.401582663459218558e-01,5.748591676371206383e-01,2.021384672687797646e-01,-1.538416892316849749e+00,-8.855993360206364517e-01
1.231934540504839193e+00,-1.975151298384149878e-01,-8.699554575044142479e-02,-3.611088447633909460e-01,-6.290211218097254697e-01,3.432391686088158145e-01,1.021586827619710425e+00,-3.030250889016440352e-01,-5.171014582234850776e-01,3.123193021653192236e-01
5.853883335622124262e-01,-7.628192111126615160e-02,-1.141157838062609037e-01,-6.700755477748761291e-02,4.158745791848038609e-01,1.761477497458514840e-02,-6.363233011440609654e-02,-1.683513179780213587e-01,2.979699316532100628e-01,1.768928604030165275e+00
1.050364999433104130e+00,-8.177642757141417862e-02,4.147950052043063440e-01,2.471554536575905070e-01,9.213429794342438139e-01,-3.342034106457198450e-01,8.578037629495810501e-01,5.286235658754482314e-01,7.281400910990277753e-01,8.849711315613248974e-01
5.220094986188436037e-01,-2.856685243761258874e-01,-2.272270205756543593e-01,-6.278473517762194200e-01,6.578693706422334975e-01,5.704596243416963919e-01,-5.180857736288825566e-02,4.051597078045782729e-01,1.881745741702678110e-01,-1.677727403953700458e+00
-2.467138248450024274e-01,-1.431869264295363986e-01,-1.186225096998266171e+00,-7.936342541773412362e-01,-4.712597755202379557e-01,-7.530104040800719711e-02,-1.081701601311462424e+00,9.550347880427131342e-01,-8.698858325450685713e-01,-2.040642511759038213e-01
1.802845472406603908e-02,-3.197083703685605904e-01,1.984858347869992379e+00,-1.913415487671190351e-01,9.352177129010482703e-01,-1.956247341060725620e-01,5.315995147730172565e-01,2.948456597397822732e-01,8.135020919204851708e-01,-2.949315171645797706e-01
-5.261142959292205434e-01,-1.992468116844294812e-01,-2.274916082640038306e-01,-4.258519016936740953e-01,8.644263636715455723e-01,3.456147027385494952e-01,1.111348138712283218e+00,5.324746266047918342e-01,8.200328510213145128e-01,4.236234170806895682e-01
1.445496180462863545e-01,8.820366950687416607e-02,-7.827288722653421571e-01,-2.515420775911653695e-01,-1.136515356057061554e+00,-7.263939021735303925e-01,-3.195956456251856093e-01,6.386225429276928822e-02,-5.756289565196441860e-01,1.962518065488327579e-01
5.745761959261763696e-01,-1.738382298107773727e-01,3.458699123892724492e-01,-9.667702764088369205e-02,1.146009608326995985e-02,-1.111897803110041549e-01,-4.213744221994645267e-01,5.559146620210332346e-01,9.464675971595337689e-01,1.245803471889664005e+00
-1.916612478165831801e+00,-1.114664208446039945e-01,-3.236692329790319400e-01,-2.756082524683072799e-01,7.467718752574871166e-01,-4.742070147463393059e-01,1.003272722420050500e-01,-2.984689306626554448e-02,9.619135867801674733e-01,2.665064473068853301e-01
-4.920727755135462234e-01,-2.661751141213374861e-01,-1.475861263824674030e-01,-5.567456912740365027e-01,6.106273761037361858e-01,-3.113964111794124134e-01,4.253134794769170002e-02,2.777493858220362322e-01,5.439237279534214764e-01,1.653942255310472953e-01
6.477658880357245463e-01,5.524069259720425507e-01,-5.862725136658694103e-01,7.391962695723245380e-01,-4.204168916383564381e-01,3.167812990819459662e-01,1.816837400118757606e-01,2.907283199034262910e-01,-4.336652613611305385e-01,-6.997853546078409703e-01
9.216662336316303605e-01,-2.825521522367770155e-02,-6.692207539634246194e-01,-3.384336353054778201e-01,-4.068662183670428978e-01,-4.802266015149403433e-01,-9.372083966017227263e-01,8.604999793083383253e-01,-7.145912236134126516e-01,-1.268790555537778308e+00
5.189257768983598917e-02,-2.193339478589674818e-01,-1.314462773931504291e-01,-4.347357658873164388e-01,-4.628814377917259137e-01,5.429185687287376716e-01,6.999972090606615405e-01,-5.145111094670814511e-01,7.366452317658322979e-01,2.277776261497527766e-01
8.038967654734077151e-01,-1.476269111529817935e-01,-9.328823854036598640e-01,-6.671005162210198458e-01,-5.302088095476163998e-01,4.733322886811274222e-01,4.567990569034011683e-01,5.562374096105451304e-01,-5.262693393217668936e-01,-1.890325596951528242e+00
9.699776433437201639e-01,4.883220223841256424e-01,-4.801728506377365702e-01,7.908899185835286394e-01,-5.459884696244242663e-01,-2.423685982413382733e-01,3.767964618585263326e-01,-3.191982102235746410e-02,5.793472952435417822e-01,2.067158027748036142e-01
-1.067672681251490063e+00,-2.227367404520571303e-01,-1.018873384117233716e+00,-7.901972795566423180e-01,-7.269009944038661020e-02,3.466460737984610602e-02,6.202676437333197734e-01,7.308445491948925010e-01,-1.158693540888341422e+00,-1.316058993929312693e-01
4.324297302987891167e-01,-2.568938100161303195e-01,6.407528910547438672e-01,-2.693900154211735232e-01,1.753270143192937613e+00,-3.778922811565635920e-01,6.445795772173098515e-01,7.298216367758517675e-01,1.267413817339223758e+00,1.334975556455313961e-01
3.750833572759076362e-01,-6.715572183093636294e-02,-4.122187566598513320e-02,2.954463225999924992e-03,-8.328543656881790547e-01,-1.010464728577627064e-01,2.003392493051395495e-01,6.223234480800828861e-01,-5.952287101490806309e-01,1.364416262159620086e+00
