6.989627636560394874e-01,-8.746297793092194794e-01,2.096583909284716052e-01,-9.528011132612641543e-01,-3.351037429952954255e-02,-1.413196645608210122e-01
-1.196232819432095640e-01,1.053164588675347346e+00,-3.136222683746708872e-01,3.625182829655675953e-01,1.002744267115605936e+00,1.445851245099788115e-02
5.973965730694242859e-01,-3.075085178654494156e-01,9.165816939288781162e-01,1.753499673421869687e-01,1.054797018147021620e-01,-8.519677469208792875e-01
1.119130477152711078e+00,8.249125568720530044e-01,1.085742005711679337e+00,1.365979350503893741e+00,-1.320935204943798902e-01,1.064508399292051349e-01
-7.978456759479661820e-01,-1.737576612731223991e+00,6.732765054023640006e-02,-6.342336825284876634e-01,-4.370908185715572936e-01,6.105269837312552461e-01
-9.154515153282549722e-01,2.479067357380841941e-01,-2.989749284916639605e-01,-2.158627139352446545e+00,1.167767271212648783e+00,9.333427154135254256e-01
-1.070088525552540970e+00,3.084048280839712941e-01,-2.764170941114700852e-01,1.356723419353173643e+00,-4.610811320378075950e-01,-1.231105579732783006e+00
1.013406758976558075e+00,-1.735127247325404687e+00,-5.003174141283326382e-01,-4.611336062320281481e-01,-1.592457385887656951e+00,5.591252067120797697e-01
-3.378880172811713489e-01,1.657036381649610035e-01,-1.312007564387841718e+00,8.495371600779354493e-01,-5.922343724777099361e-01,1.184707924007717628e+00
-1.427419577750994595e+00,-6.302059313188312917e-01,-2.246297120003268866e+00,3.222446064282860623e-01,-1.045011592302549142e+00,-3.110884900665498998e-02
-8.276656655971369458e-01,-1.107832788106940081e+00,-5.042757594185030001e-01,9.424395254752615525e-02,-1.842758039165524331e-01,5.602046971934633302e-01
-6.294598013032333128e-01,-8.482976596449532947e-01,-5.769767767882115761e-01,3.094292803781253931e-01,-2.685961539409452148e-01,-4.800022033900972485e-01
-2.036802808341745763e+00,-2.086519476210880186e-01,-8.059163196191695411e-01,-9.761152216777044810e-01,1.262317365197386687e+00,-7.136492684625392879e-01
-7.038381521669692109e-01,1.073497167093631077e+00,-9.865118821802933979e-01,5.178172921739686574e-01,6.138653433314034125e-01,-5.293416150115235475e-01
-2.069871298617662336e-01,-1.436631449159115226e+00,2.993522589223769348e-01,-1.117145567713089704e+00,-3.505628014745978960e-02,-1.257357241610571608e-01
-1.212629104637909405e+00,-2.605583912901630939e+00,-1.133867041327644154e+00,-9.254856812460700022e-01,-1.067503983299092463e+00,4.865539775209989926e-01
6.131879520670209249e-01,1.388585260270753796e-01,1.079791558416836716e+00,1.721628237188681076e+00,-1.006554928812854355e+00,1.950702097524522477e-02
-5.737598208642422648e-01,-1.513797020030674956e-01,3.695681951168193757e-01,-2.981037201577250162e+00,1.044409320810158803e+00,-1.974400231694651564e-01
-7.847543225953078627e-01,-2.564256304442973367e+00,-1.142944810025987135e+00,3.041835690660838476e-01,-1.891538245885155956e+00,4.670923878335586643e-01
-1.316573037985927508e+00,7.088835494186144226e-01,-3.529325122974623641e-01,-2.192605562372700767e+00,1.888106694619441805e+00,-9.699000231278745998e-01
5.568388130134063196e-01,2.561756738015560586e+00,8.460030573859742553e-01,1.256476932462767149e+00,1.176286131135021673e+00,1.494924480096832542e-01
-5.165956340688117043e-01,1.917033683604692229e-01,-1.602101326980220064e-01,3.760886743229518436e-01,6.717789804701680412e-01,4.666699788282285266e-01
9.455712617623215355e-01,1.542729276424632090e+00,1.293590706758665609e+00,4.968250076884209165e-01,7.468052908744480245e-01,9.824017231014424700e-01
1.552089943184820076e-01,-2.580694831195659233e+00,-2.554491775489122762e-01,-1.845386613130809150e-01,-1.735548217537196791e+00,-8.212064005434198399e-02
-6.702654546443662653e-01,-3.896591212749997979e-01,-6.765089604414805668e-01,1.279752454929113936e-01,2.527537624182513709e-01,-1.734887132463375781e-01
1.003597675816169543e+00,1.911596925820275628e+00,1.540659332903399736e+00,-7.912094585340747610e-01,1.294769185769852227e+00,1.667853929915118494e-01
6.257700748766187315e-01,7.723835778540465435e-01,-1.155766470720491629e-01,1.000964582990907098e-01,6.026957477320280532e-01,5.453054467145701523e-01
-1.512919800821534766e+00,-2.094178883781777412e+00,-4.818299794865755215e-01,-1.549977014335903069e+00,-2.111531867259205941e-01,2.262724819760113526e-01
8.856711798764793642e-01,6.689078318153437452e-01,-7.115838986290884405e-01,1.406536454487911758e+00,-1.579892439064519927e+00,6.075765863601637617e-01
3.020591770880631244e-01,-1.492421104756396444e+00,-1.053070231686125680e-01,1.036721095634456358e+00,-1.710924874766325043e+00,4.890897110664340075e-01
1.102075291375067101e+00,5.768152106724450112e-01,1.003973382568920547e+00,9.214113652164849233e-01,-1.793525569446357548e-01,1.174129437120343900e+00
-1.036936184288230756e+00,-9.827525394642686596e-01,-5.015577508978220633e-01,-2.021528633246965079e+00,7.415862833878399396e-01,-5.195332684351346986e-01
-2.457517314427078770e+00,-3.465450869710134940e-01,-1.694505528395904737e+00,-1.205775046562129971e+00,1.038817039886186899e+00,-6.486448267561192305e-01
9.653959224916325299e-01,-4.550763923772705583e-02,1.707249632409816087e+00,1.442101469065317554e+00,-1.515066207209001758e+00,3.129574751029805257e-02
1.180790687338462847e-01,2.361911380440730457e-01,1.223729081895598148e+00,-1.729709703717266400e+00,1.114057979975676460e+00,-1.542275057345932066e+00
5.758591992033920137e-01,1.280090777049079920e+00,6.175017580771640091e-01,-1.410490558277188167e-01,1.172811994290259952e+00,8.373537047622888752e-01
7.527441224403729203e-01,-3.566654080919969827e-01,2.925547933088327168e-01,5.294488413339574207e-01,-3.174564228769092833e-01,2.819452238162792074e-03
1.245175339495106226e-01,-8.021371448301825025e-01,-4.342821898330005426e-01,1.232666378000720320e+00,-1.446712359836958228e+00,1.226711229023790123e-01
-1.930879629768768702e+00,-1.239805762426302360e+00,-1.569134816154129863e+00,1.100278990927794215e-01,-8.285376782420246222e-01,-1.308394889688736740e+00
-1.544943246044299778e+00,1.875161734936295899e-01,-1.065905408805506216e+00,-1.281107765623456851e+00,1.331423927952014363e+00,4.474977966778002914e-02
-1.031963520979816584e+00,-8.589287732030058686e-01,-5.750095190318709193e-01,-7.783137167427535141e-01,5.314573700260242228e-01,-8.724745001106006814e-01
5.325836269381817312e-01,-6.978356585480592900e-01,3.222025179041215770e-01,1.274811739923486398e+00,-1.193781487259913954e+00,4.682864588173449860e-01
-1.165118955940646073e+00,-6.470726442058726269e-01,-3.411369602184919358e-01,-3.432020939219415090e-01,6.005940958225088888e-01,-3.240859048409514553e-01
8.813257526344517867e-01,1.212728994549294947e+00,3.704571497629468024e-01,1.283632721024725809e+00,1.095738668201282490e-01,1.205830149833432952e+00
1.432814416230168586e+00,1.083027207647508927e+00,1.019100846672095217e+00,5.394999831487162778e-01,4.565507995106616312e-01,1.228824945646360689e-01
1.600937062772606723e+00,1.121231896771609060e+00,5.424742497025106802e-01,1.666572721309018235e+00,-9.442558635692110958e-01,1.000018819264948400e+00
3.627625809040276039e-02,2.223169038853267221e+00,1.971473306353572208e-01,1.781060055558326471e+00,4.952554615627821621e-01,-1.999559842349650507e-01
1.137977365977114408e+00,6.456125824785825529e-01,9.750150622217469421e-01,1.209582220353934146e+00,-4.714321912421882699e-01,1.411487787876541500e+00
1.519164998098289088e-01,1.266120344626745053e+00,3.295596111572099418e-02,-1.096780129306720086e+00,1.505077219773370611e+00,4.495560899828525137e-01
-2.931573081111075174e-01,-4.275957352053432747e-01,7.570902003921214929e-01,-1.032877205038939872e+00,7.463762329232498383e-01,-5.006896902708148911e-01
3.741183905200335946e-01,7.637183562849891860e-01,5.781265394601077245e-01,-1.631373367540704278e+00,1.359852592006873806e+00,-1.628671607314015890e-01
1.298521255339022185e+00,6.493085798314280899e-01,-1.652194421039456518e-01,1.848796530101458335e-01,-2.513540810779083534e-01,7.519528541613943462e-01
-2.199912240759504256e-01,-2.753576666864230860e-01,-1.131758809563474522e+00,1.907126343712157057e+00,-2.566163532875941122e+00,7.093741870063907662e-01
1.156768814448587035e+00,-8.077364813235086149e-01,6.811674566605948611e-01,2.166965337236346489e-01,-7.890619204798597908e-01,4.231664613826721100e-01
-2.072664436360184492e+00,-3.585796512966488714e-01,-2.338857575594424087e-01,-1.423461921441560918e+00,1.335863010139989093e+00,-2.337185142325485909e+00
-3.824726796760741232e-01,-5.128832600984628565e-01,1.082877047519696934e+00,2.615404094079377129e-01,9.395470043081277645e-02,-1.753994102467751448e+00
6.297248895706051286e-01,9.186506644828934531e-01,1.061302088677460675e+00,6.163008002729344348e-01,6.616564293356678172e-01,5.352562428479739065e-01
-4.237177511321463252e-01,5.260182312483072664e-01,5.391891437434067624e-01,7.680724006534608295e-01,7.309557345677062390e-01,-7.308101367148784888e-01
6.029691360820940149e-01,-1.049636287408491769e-01,4.186222441168055072e-03,1.322850534111923160e-01,1.357466552870137400e-02,1.037241113319372410e+00
4.653461664713899881e-01,-5.886824110685300315e-01,2.921253429291291170e-01,1.190788213076191759e+00,-1.268387724570204655e+00,1.683380290706340654e+00
5.505857360297776726e-01,7.831935144028828732e-02,1.751801787966046575e+00,-1.736157751862169862e-01,8.317291518733110900e-02,-2.333806023010289166e-01
1.883479594032449578e+00,1.609466654714714895e-01,9.587303967780966829e-01,2.126068705465854192e-01,-1.115278194471972739e+00,1.435533782045907314e+00
1.537817567510735728e+00,5.089437233744875666e-01,4.116119452929636324e-01,5.838672075532155281e-01,-3.610152399769023801e-01,8.770882293937981578e-01
-8.570935428301187375e-01,3.264003041334566091e-01,-9.927045819837621021e-01,8.506316254016230705e-01,1.253562227370762228e-01,1.079558902839827361e+00
1.054532587462181592e+00,-4.992061713515805188e-01,2.649948448801900391e-01,1.447141907165000740e-01,-5.474526406305957327e-01,9.765374834043299979e-01
-5.372477903263740417e-01,-6.018254846737458585e-01,-8.648439077198946112e-01,5.997995311806557650e-01,-4.038541749172047113e-01,3.213612482162919726e-01
9.449795075966813673e-01,5.511735398557092713e-01,1.470183148326259237e-01,8.923163311124889807e-01,-9.259302046787031004e-02,7.614811490144893780e-01
8.599748610885057376e-01,-1.182888700208822641e+00,8.887221146423041063e-01,1.865103534605009813e-02,-8.110789601058390197e-01,-1.088891787653075011e-01
3.670004035930400921e-01,-1.242979550217056195e+00,-4.036522177421188462e-01,-4.689869830410873380e-02,-7.345300186634488027e-01,4.066777644410970449e-01
-1.908950035657680164e-02,-5.411705133640750676e-01,1.325322735933224472e+00,-6.805757807028393058e-01,3.815104427920635866e-01,-1.657459492892944919e+00
-1.531639163701404571e-01,-9.062349037560744891e-02,1.590527138795945872e+00,-7.958674119538994285e-01,5.889417689610233486e-01,-1.436497458640969116e+00
-1.349762652992466672e-01,6.446447600674433120e-01,-1.143035066362302482e-01,1.574285389321774808e-01,9.701187469507071004e-01,3.280134172001702986e-01
-1.373557695023160274e+00,1.171996559926226089e+00,-6.426620365164561477e-01,2.804930861097061912e-01,1.411157888246289849e+00,-9.579316572084147774e-01
2.682750376666166447e-01,-6.744774361320958755e-01,6.316550903588199484e-01,-1.349029578467147772e+00,4.190265482442534495e-01,-1.300505093919723798e-01
4.223910683754089623e-01,2.595017675835658011e-01,6.816136649247218626e-01,-4.765807270976337162e-01,6.537795380109258092e-01,8.709335270042384280e-01
6.400777891655637930e-01,1.340985335663479994e+00,1.376175194809952096e+00,2.127396448009589713e-01,1.106949062113869342e+00,-2.129840978711199651e-01
-1.956194970198215977e+00,-1.177231745533400542e-01,-1.977129022162976701e+00,-2.619629926331627778e-02,1.057655898639342229e-01,-5.523476201166607202e-01
6.010643323057505150e-01,3.948416920961837495e-01,-7.424356260836565413e-01,-3.139449041952560027e-01,-2.892456003074243553e-01,-1.467888982597532532e+00
7.187838449275141262e-01,2.539368952200926621e+00,1.542010215620849944e+00,-4.723018403523154274e-01,1.627669450607296397e+00,-3.303311590310833989e-01
2.097050626687582686e-02,-1.223550501934263623e+00,-2.391358310058810110e-01,6.820335775042278836e-01,-9.812150498263466636e-01,8.231083628563534704e-01
1.213074162596173622e+00,9.461307595704878670e-01,1.470825432097801366e+00,-5.763536022102531131e-01,8.996620067706868618e-01,-7.319736736092387064e-01
-4.227812772559640386e-01,1.034200009268793519e+00,-1.320055880007473981e+00,1.844658092269188865e+00,-1.718379980523742745e+00,1.009258661667579604e+00
8.297072752855021438e-01,5.278352893334948837e-01,1.147639888634983674e+00,1.396046138538623360e+00,-4.217966677322291247e-01,-1.336742448657886717e+00
7.320254986746801418e-01,-9.419394766031917721e-01,2.288547510673311428e-02,-9.457274956975447733e-01,-4.034251945029033171e-01,9.229246930512611247e-01
2.059955942825019704e-01,-2.030277258947218666e+00,4.233433935705263607e-01,-7.425481609863676669e-01,-8.792550555742688623e-01,-1.336583184921085465e-01
4.884693380588028266e-01,-1.900607547252555762e-01,-1.226386152340229185e-01,-3.667384912375494244e-01,2.985722833442163715e-01,1.997798227832610629e-01
-1.300405175271066582e+00,3.908037552999962250e-01,-3.505153069509178154e-01,-1.268307000175117605e-01,1.204753359433651028e+00,-1.609127121129861449e+00
4.962066039105812454e-01,4.236542588290006517e-01,7.930093168303988804e-01,4.545630900422570897e-01,4.677474977095891218e-01,6.782269701886998181e-01
-1.181134850830608096e+00,1.806673900447179903e+00,-1.067016515719953818e+00,-1.690892716039830990e-02,1.476594199065770718e+00,6.838272255359898466e-01
-1.479626636738517798e+00,7.872092211498564751e-01,-1.061445000230235580e+00,-8.675190296020971470e-01,1.547813445732722171e+00,-1.405265008882489841e+00
6.286084959522555415e-01,2.332182692712791300e-02,-3.725471278153836829e-01,1.478062888225598170e+00,-1.442676544117392101e+00,2.008267554901116192e+00
3.713646586531436644e-01,-2.189239290315271980e+00,-1.299616509123856511e+00,1.177224218736520722e+00,-3.255495415827430516e+00,1.140500440894887113e+00
7.792105776247527649e-01,1.002896754605643537e+00,1.196363387012729484e+00,9.777178666984330524e-02,1.014925948306687697e+00,-6.707777988876114650e-01
1.030651279430146339e+00,-5.022933290787199301e-01,6.860658712586312769e-01,5.677537019594505185e-01,-6.919477362726206282e-01,-1.007320581487715527e+00
-5.438792217445391763e-01,-7.932281709228446998e-01,-1.074417196618845383e+00,-1.553212559833513140e+00,1.213837504920738802e-01,9.359655797589949699e-01
-1.535717058504559168e-02,6.737599803772915674e-01,-1.192230920812246825e-01,-6.527526800408686158e-01,1.147148721491624723e+00,6.259184315075346783e-01
1.501745642029996830e+00,4.914840061804130467e-01,6.690862800470630534e-01,4.623796702578708007e-01,-8.188974571263939184e-02,-5.828518616618799664e-01
-1.188522077336515048e+00,-2.109678259329789363e+00,-7.732155278792404163e-01,-2.777944711610439432e-01,-8.384696213535087761e-01,6.108500005398724841e-01
8.566421191039813587e-03,-2.316450956139725736e+00,-1.860546931240425916e+00,4.149135922999570847e-02,-2.495018362244415311e+00,3.168456959122891159e-01
-2.798364506248491868e+00,-2.330232387340420153e-01,-1.091028304655182746e+00,-3.254510931998467194e-01,1.001118200174937689e+00,-4.286299321855618905e-01
-2.845678383722953786e-01,9.043658533423071244e-01,-1.156660890983782997e+00,-4.754558698115619042e-01,5.138405795400711185e-01,1.306841559452893708e+00
-1.324949723587143524e-01,-8.612293320540381769e-01,-3.577734794858830059e-01,2.819046132616771505e-01,-3.387117763023329009e-01,8.220529828533679195e-01
1.296784929562757316e-01,-5.741372577909060748e-01,-6.128437347679112079e-01,-4.399268827524666081e-01,-6.654935543991688518e-02,9.055460290484466102e-01
1.516273495780354974e+00,-6.905357947243819794e-01,5.862580943501586317e-01,3.282556582333208128e-01,-1.037551934718301760e+00,-3.311435652685201791e-01
9.437627733097173621e-01,1.471658044724428738e+00,7.600181356407929023e-01,1.321310503715614537e+00,4.482048283525645882e-01,9.711147498174639570e-02
-1.052549422388846745e+00,-9.784404685994900763e-01,-2.179003487171864428e+00,-1.000946139326672757e+00,-7.609839010198096165e-01,1.252662889331407126e+00
2.004791528232224840e-01,1.251655053780429405e-01,-7.985651166404137413e-01,5.902532962203601574e-01,-3.754171699354741931e-01,3.339403703350778130e-02
8.667227632068029708e-01,5.754417091749004509e-01,8.131926585118509632e-01,8.214553217136539853e-01,2.309350645917141176e-01,5.729031146730202417e-01
-2.742750087224787858e-02,2.571811369452639204e-02,6.370195779106447853e-01,-5.778101641777878827e-02,7.428236319997102433e-01,-4.383028678095089448e-01
1.551897868412131176e+00,6.854850840832049652e-02,1.066764980717417988e+00,-1.905289838102214028e-01,-3.460419025552075034e-01,9.181841201208813530e-01
7.135646233077179712e-01,-1.212381699293504145e+00,1.520616926933269664e+00,-8.665919288648986640e-01,-4.999142534935547832e-01,-1.452223334417607425e+00
6.325358389644687440e-01,-6.101987392686232248e-01,9.162738310672761122e-01,6.952760140301263991e-01,-1.169203506413620586e+00,1.495900378365798034e+00
-1.614437611111189108e+00,4.306193477330705899e-01,-1.058952222399838439e+00,1.363464649493356884e+00,-9.857421677793757331e-01,-1.097627911154028801e+00
4.323373182288685057e-01,1.435646680138341902e-01,5.975423893057326685e-01,5.640021854612236041e-01,2.947994439948356526e-01,-7.343070955352125617e-01
3.346025619120520100e-01,6.964818646988136797e-01,1.939928758516583363e-01,1.052947793159747292e+00,3.201555699433594748e-01,3.457915134401933765e-01
9.975273943926891151e-01,1.938330425463845597e+00,1.063554929118333270e-01,8.037736861805002686e-01,4.900213268517056853e-01,-4.433415450988628659e-01
3.910904090976644598e-01,6.732280903669082273e-01,7.458768813154911248e-01,1.393944050136336932e+00,-5.552110192286149881e-02,-9.556840196653536568e-01
2.040213660885543956e-01,-2.967470578435164041e-01,1.152401667317375589e+00,-4.304110740253612732e-01,4.582752260191917393e-01,-6.825703819397819228e-01
3.764676980088829672e-02,-7.686501843086058772e-01,-3.167027927129772435e-01,3.219911683500609190e-01,-3.232049411183834930e-01,5.026324051644514013e-01
-3.070326099483108861e-02,6.845018770802934194e-01,9.441640381003850724e-01,-3.255370157942585885e-01,1.270580142701780213e+00,-1.031924427522322718e+00
9.280271232784019775e-01,2.089893157273539526e+00,8.774011427040252498e-01,1.468272120524226620e+00,6.103926280107783153e-01,6.415712474800634446e-01
-1.160313794811113741e+00,-5.042141499931771520e-01,2.485767917202705568e-01,-6.813013396171521130e-01,8.315508874395773908e-01,-3.103512369713155028e-01
-4.299239473926643185e-01,8.484572507194736157e-02,2.960351536162738606e-01,6.211692930865710949e-01,4.961504745736362021e-01,9.088560720827897066e-02
-1.062792799819366918e+00,-1.646868377768289982e+00,-6.016221159385136685e-01,-2.065028396243929087e+00,3.178957001583139208e-01,-1.239390893142093386e+00
-1.384932179968124899e+00,-2.647001926328081955e-01,-1.238906949773685318e+00,8.341620474805591101e-01,-3.675564543880028845e-01,-6.455676668872159518e-02
3.332845708546557928e-01,2.352318324377806302e+00,4.885643754089588064e-01,-6.253896554242699413e-02,1.851942706151331386e+00,-8.533248529440268237e-01
-9.825625602412303428e-01,-1.917650598265072392e-01,-7.309632390177482897e-01,-2.184622829837806091e+00,1.257259941890400246e+00,-1.436233999568470976e+00
-1.359762735688686552e+00,-7.781793721715473122e-01,1.375857540167161053e-01,-1.321517528332018632e+00,9.307094454939224271e-01,-1.889906963468835466e+00
-1.519598565163501613e-01,-2.598673166601911388e-01,-3.323852559766542480e-01,-1.775792442116326253e-01,3.137744755278628617e-01,1.050382498390089570e+00
9.820372667511872988e-01,1.166565583515781768e+00,1.125162827646149388e+00,-1.786548511153328578e+00,3.649149277630574506e-01,1.817305676259149516e+00
1.232269042337952092e+00,-7.630712017251545243e-01,4.541894107695261806e-01,-1.009072468742491270e-02,-1.076426980389572741e+00,1.403199041647661183e+00
1.029022994374343414e+00,5.781511885291633623e-01,-3.826362367757999428e-01,2.127048060913955041e+00,-2.479446687608821254e+00,1.653963524101656368e+00
-5.840814179926667737e-01,5.224962608959484722e-01,-1.473415555996618220e+00,1.032448098445624352e+00,-7.114292275655372810e-01,1.690930351125673692e+00
9.076925309373498063e-01,4.826100348801719564e-01,1.590028760048500578e+00,8.272624649100683569e-02,3.514173329612151342e-01,-1.686206195454408308e-01
1.640306036471690931e-01,-9.066110687582091821e-01,8.046698675514789567e-01,-6.495152011833084105e-01,-1.083448620021694101e-04,2.176817578178649737e-01
1.124844124359354769e+00,-1.907103581448015561e-01,2.979633355794727989e-01,2.374077729056906783e-01,-5.870422253024907278e-01,1.504105214049727524e+00
4.313103399797256765e-01,-8.368570554450356358e-01,-3.284268963600196073e-02,1.190472301641156694e+00,-1.384410889034325853e+00,2.961537656865900758e-02
6.035897314426593718e-01,2.757145358424992754e-01,1.621107526733448490e+00,2.350597207978146197e-01,3.198914284847175771e-01,-1.184236321454619212e+00
8.309471479453058862e-01,3.370310247562683936e-01,6.961573346019210851e-01,-1.562557383194977390e-01,6.261579096790431676e-01,1.076718720997490823e-02
5.181462248219078498e-02,9.902827015302633207e-01,-9.499917823675866346e-01,-7.353022957295002326e-01,7.305210972358241461e-01,2.622097004995199709e-01
2.888397586650930937e-01,-5.912570242240094975e-01,1.293667741120102077e+00,6.897634475466153381e-01,-6.452425047816565673e-01,-2.074078241586562843e+00
9.037007140281997364e-01,-6.416659039643601847e-01,1.507537505057558791e+00,-7.089692148103137193e-01,-3.330272346002888795e-01,-1.017662427538175429e-01
3.895578676167442689e-01,1.259906081067248440e+00,3.780643026402545903e-01,5.830914059609410005e-01,9.971286416835587474e-01,6.572805970556562238e-01
-5.620290089496499109e-01,-1.846256200201183084e+00,-9.867804566330580229e-01,1.794990139908523852e-01,-1.169686670300700504e+00,1.670540012494461934e-01
-1.310588681290686841e+00,-1.686745092822787617e+00,-1.082942335062079681e-01,5.857818785622126434e-01,-9.714086762793588958e-01,-6.099524959599288143e-02
9.345635666188031876e-02,-4.279796734686606152e-01,-2.426062228001299795e-02,4.935100872705423525e-01,-1.126967851586409275e-01,-2.916324554559104332e-01
7.509704123439353562e-01,-8.789496520451631767e-01,3.938128190314424404e-01,9.978928733546417185e-01,-1.195796590774479862e+00,6.088670359800273379e-01
-7.699183103751660040e-01,1.672236577970084515e+00,-1.246538643411945646e+00,-5.660338776079983925e-01,1.080234470982821771e+00,1.099343018580706932e+00
2.504418010836367836e-01,4.422200870429584540e-01,6.465349885888692638e-01,-1.521187251441636024e+00,1.276571226061179232e+00,-6.109908653696198844e-01
-1.431648742247963735e-01,8.702619488393184000e-01,1.595622289726702281e+00,-1.651524740218399900e+00,1.285909587086536687e+00,-2.143311581038256364e+00
-1.392938965625053760e-01,-1.894900192591148835e+00,3.139452838446082222e-02,-1.643596935280878801e-01,-9.988527667786452069e-01,7.058231912331441871e-01
-1.068510872736875061e+00,-9.656521057645804304e-03,-2.148839090381387873e+00,-1.352614339013293643e+00,-4.403073833522512248e-01,1.717981330732637479e+00
1.255330914571559653e+00,6.219390295054598727e-01,3.576165001657735099e-01,6.344978511893776263e-01,-8.565868699320210600e-04,4.821303335046454031e-01
9.818768265967092734e-01,6.032533152365452400e-01,1.540805440327360554e+00,-4.516547245463389815e-02,4.120053110465391466e-01,1.863500444309521831e-01
-1.341827688055019951e+00,-2.113052689257837624e+00,-2.994364919684874837e-01,-4.083728598857901820e-02,-9.204337659564290064e-01,-1.087957400983694534e+00
-3.603835039940758711e-01,5.361947581255990108e-02,7.084517934408592899e-01,-5.033275369173350056e-01,7.328120883545196085e-01,7.382159900242828421e-01
1.137704571135566001e+00,2.056072181682575106e+00,1.079570753111712467e+00,-1.222513374497876948e-01,1.196364118852096814e+00,8.155796039962328603e-01
-1.334655190366103028e+00,8.785806180529832643e-01,-1.439917113447078956e+00,8.069801531125343486e-01,3.243932575941758101e-01,5.694304638913596506e-01
1.768085673060255436e+00,9.752529101517745103e-01,-2.571972590530426372e-01,1.579853791847224409e+00,-2.773677425380636219e+00,4.252554126765798470e-01
1.501524050624877038e+00,-3.703517171395382390e-01,1.442051461584653804e+00,1.488409245101202094e+00,-2.417357270311734752e+00,-1.513325704657188187e+00
5.146897019693041919e-01,-2.615024862205358666e-02,1.487127595274143843e+00,-5.622149293639210343e-01,1.131998727205659888e-01,5.196686067498159645e-01
1.080825480334365984e+00,-1.564984200571231776e+00,8.838446225087629449e-01,-9.047059452264796242e-01,-1.014130665634127793e+00,5.772259049564276712e-02
5.903650122576843406e-01,-2.055703596087341545e-01,5.635598235035692571e-01,3.044581972564137096e-01,1.159568690127867202e-01,-8.907972477469340566e-02
1.095711649159613943e+00,-1.280459956376973851e+00,9.060819928331090845e-01,1.384002031102199215e+00,-2.923279985162920092e+00,1.006311081511718664e+00
-3.125675509432817023e+00,-3.261107137521184196e-01,-3.105363392379712817e+00,-5.736628406065555907e-01,-5.522437548615402036e-01,1.723201354715067746e+00
7.255269044500991527e-01,-1.479389549626448086e-01,8.757814415145285247e-01,8.452974358201217342e-01,-3.025810466117882513e-01,-5.676580227341477825e-01
-1.096690944313015947e+00,1.823033788358414231e+00,-1.253778444167664263e+00,8.384224033824311251e-01,6.543383491658448792e-01,-3.973812217411184372e-02
-2.703982880830230195e-01,-1.063581900635508726e+00,-2.568384218070475233e-01,-4.197739279575200544e-01,-4.770461251842265070e-03,2.468225390412588094e-01
-1.517475432075217512e+00,-2.301740219092053064e+00,-1.889729712038827669e+00,-1.317358378261993757e+00,-1.179483212479650822e+00,1.197760760142756897e+00
-5.994681916645823172e-01,1.162434865102833365e-01,1.153520490057812875e+00,-1.658759614322631082e+00,1.151497429422215779e+00,-1.364253237820044040e+00
7.551645621135445463e-01,1.153935343945578368e-01,4.063823115538066355e-02,6.615019802379115132e-01,-1.345419386648735727e-01,4.314726729923559767e-01
-3.617636215396317079e-01,-1.021543566093057631e+00,4.154865006568740360e-01,-7.323487972014434966e-02,-9.164413672380591902e-02,3.305919680378797132e-01
1.489671280107550677e+00,9.103005250814618643e-01,1.009394031895834098e+00,1.242564467686095631e+00,-2.578187534703070272e-01,5.260708863911253141e-01
1.280803770269839603e+00,2.431145263690427938e-01,1.739555462670305586e+00,-8.541394580594857677e-02,-1.912508377168469220e-01,1.578039117070533792e-01
-6.524608084304792666e-01,-4.308634924677973155e-01,-8.849687070936994582e-01,1.307616755557308608e+00,-9.568742989046776781e-01,7.285441193537390836e-01
9.141513533161996774e-01,2.249861053513990683e-01,2.231990269757201661e-01,-1.567640199604374007e-02,1.786443785772787174e-01,1.000662728826891890e+00
9.968805393339399412e-01,2.874210494792645010e-01,1.607323558306513078e+00,9.036417000368966723e-02,2.307237218196768747e-01,-6.924943712554681996e-01
6.288693530627023076e-01,4.420698969764631503e-01,2.097560876609565472e+00,-3.901528001673473245e-01,2.259735901202175878e-01,-1.136288054165735195e+00
2.487961507615237822e-01,9.448519642519415118e-02,1.334869710287080347e+00,5.524201712536140618e-02,5.018008626795562588e-01,-2.064354663223029629e+00
5.926726942068401005e-01,1.408374491144968266e+00,1.371745022455147234e-01,2.561588918032204829e-02,1.150350889648080743e+00,-7.999204618710425985e-01
2.513237961629983808e-01,-8.112567941588859632e-01,7.656086528963350624e-01,8.755903710822443564e-02,-1.608472254143590574e-01,-1.557463983621053816e-01
1.173628800450816412e+00,4.880894402857920422e-01,1.577984688054463458e+00,6.220989443174237410e-01,-1.249047706167454447e-01,2.560159531542368083e-01
5.381425364602251404e-01,-1.541628920911026546e+00,4.363919942209585900e-01,-9.431771823951926592e-01,-7.450800922159440676e-01,7.000877544544682474e-01
2.473283557256881759e-01,-9.206136165714562392e-01,-6.427404599310747590e-01,5.489784971829306803e-01,-1.522517314501196761e+00,2.155627196361453723e+00
7.447820771967915698e-01,-5.276775542113334438e-01,9.740485925342454721e-01,-3.203723163253532902e-01,5.364168988880079619e-02,-3.503094446322287947e-01
2.288175278150578473e-01,1.918591057879157069e-02,-3.219619760302470102e-01,8.233212245330079337e-01,-1.804952657133442051e-01,6.353260367247092200e-01
9.838184027576649671e-01,5.283272811516958045e-01,1.370109751901911643e+00,3.450457509560622693e-01,4.426399508354089685e-01,-1.052864390673219575e+00
-4.685204985582768211e-01,1.423634014535782866e-01,-1.425897256418825698e+00,-1.403913548721594795e+00,2.898560080207358003e-01,1.109702837713062884e+00
3.361156107327573084e-01,-1.824315387825607149e-01,3.775154120009032166e-01,-9.181474534886420458e-02,3.489567794692595704e-01,6.033173607236982372e-01
-9.822203074590170335e-02,-2.589711091227578255e+00,-3.090873837440839544e-01,-1.639587416935316178e+00,-9.184723441953176470e-01,-1.028865930286073871e+00
5.208540562609512703e-01,-2.013386919952977472e-01,1.623958201287291903e-01,3.826852154431699682e-01,5.167302093685854783e-04,5.292904058436281867e-01
-3.091432203898764053e-01,-6.125808692207262984e-01,5.914412045324851652e-01,-2.770359220875840744e+00,9.462533449476343561e-01,-3.609605747498270123e+00
9.640942072795143369e-01,1.294263033001050944e+00,1.056792216340910695e+00,-4.545764075744562760e-01,1.293576351248338030e+00,-7.008363812033837625e-01
7.285666010898274036e-01,6.920974288857779655e-01,-4.610050429996251919e-01,1.587178350529702797e+00,-1.137708802469177938e+00,8.179593616674605272e-01
5.652037285785029841e-01,-6.793080039119145930e-01,-1.060718603647484715e-01,1.247886844565025827e-01,-3.794966319232832008e-01,-3.083408001808022880e-01
1.050582782789958980e+00,-1.056015372324754953e+00,8.809286834441362180e-01,4.103135329092041372e-01,-1.091857895502271081e+00,-9.218748442405798604e-01
-1.787531893885152989e+00,-8.772451942979174744e-01,-1.446880900176595430e+00,4.753878792737330494e-01,-4.810715178064529640e-01,-2.001052899158297371e-01
4.293408309218409435e-01,-8.436611831589498900e-01,1.009787640783215146e-01,-2.965503933797270994e-02,-2.603103752684938765e-01,3.385649112644348313e-01
3.589840582748239362e-01,4.406159516071914695e-01,-7.244048174952505414e-01,3.383593866972689664e-03,1.823696274274579920e-01,2.826398310727739061e-01
7.353789063153147731e-01,-1.766691939497216091e-01,4.932705207063224351e-01,1.722258005084793542e+00,-1.436263781554576457e+00,1.758610989011621384e-01
2.670574259631263714e-01,6.633506288596036082e-01,-3.121609135577646521e-01,-1.621222954896149315e-01,8.060011726543688804e-01,1.112148855524490165e-01
-2.565199613772025433e+00,-3.528247082051984673e+00,-2.265185228891688052e+00,-3.793702567121752800e+00,-9.805714601518805695e-01,-1.404206365040373772e+00
-1.558123887687438369e+00,8.642721240666034754e-01,-1.364425750659687075e+00,1.487405726520745208e-01,9.985665641417496019e-01,5.113649368585780897e-01
-4.531491997255949755e-01,1.545126204513292967e-01,-1.151280888700972671e+00,4.083836172503048645e-01,1.456948556943941236e-02,8.500562468957233442e-01
3.530754344143684498e-01,-7.278733771237869687e-01,1.803730331516248397e-01,-1.168749709158490635e+00,2.492787059271517613e-01,2.649370454932431507e-01
-1.943025955741100042e+00,-4.921674520444743739e-01,-1.319347707271850967e-01,-2.975743091620345337e-01,8.218186726032933320e-01,-1.382386831585529885e+00
-2.422970981406814772e+00,-1.117667826202865866e+00,-1.245701142579975107e+00,-4.582752626719560629e-01,1.317397760853596667e-01,-1.821730428146749681e+00
-1.876606482590363001e+00,-4.655677228486327923e-01,1.442215331738069539e-01,-1.071721062333250263e+00,1.111495169195731991e+00,-2.506967144413221327e+00
-1.182347709034198502e+00,4.430775749148260778e-01,-4.463548534948047486e-01,-1.358062831838116269e+00,1.639785708285627308e+00,-1.779666370275385434e+00
7.607904980727986377e-01,-1.755742009970718831e-01,1.285461535810332956e+00,-1.186657926743724945e+00,5.066340310583578033e-01,-7.845309873002634937e-01
-2.911952212826679487e-02,8.031113324923375152e-02,5.481873489238505703e-01,4.495174828401143907e-01,1.386384172159632888e-01,-2.839442431708515624e+00
1.201872820477550396e+00,4.640822170791557566e-01,1.169871315868235007e+00,6.454332615709535981e-01,-4.156570017954787644e-01,1.430059510893746388e+00
1.337205311716690992e-01,-2.555351538951180501e-01,6.481547787691388507e-01,-1.488599147496982411e+00,9.342426060434007029e-01,-1.490312121545278590e+00
7.228641057675821990e-01,9.699577584411809283e-01,1.288956363657531475e-02,1.232947525582748449e+00,-2.161473159131028776e-01,-3.888911226974874902e-01
-2.948425699686357815e-01,7.027977270296396073e-01,-1.215741324912205767e+00,9.142749455036600637e-01,-4.153609942144735889e-01,2.993407728410571456e-01
-6.623247549442320969e-02,-2.473329282984935984e-02,3.082568600456319641e-01,8.777592139223208689e-02,6.329773516219353580e-01,-1.111014765400008542e-01
5.392654342837250869e-01,8.856478531697085099e-01,1.101883843051743250e+00,7.651558722336626595e-01,6.049859030714543201e-02,1.629723667950676802e+00
4.625141426259736233e-01,-6.764253992343973731e-01,2.777795470180271509e-01,-5.933927107559003877e-01,1.026082822614224899e-01,3.452647198934685191e-01
8.531068090933910941e-01,-8.939063216005238566e-01,1.435758208556090043e+00,9.170201693222328476e-01,-1.464330291147875274e+00,-5.657901400079000664e-01
1.208186563691951765e+00,1.523027702581675857e+00,1.089823365982676151e+00,1.042174315671642759e+00,5.946862803587759094e-01,-7.500078629816406828e-01
9.102288502104832757e-01,2.186198946240144991e+00,1.019104981582547920e+00,1.011942953142436902e-01,1.363201589042794204e+00,6.466881558656998319e-01
-1.906682265007642929e+00,-3.154407527266717803e+00,-3.318530485881062475e+00,-1.983936393097653419e-02,-3.993745866432219849e+00,-1.182407161217172042e+00
1.008879099390640244e+00,2.044893616855027463e-01,1.270735567825338697e+00,-1.338150642943798652e-01,-1.363602117326004615e-01,1.197227737518620883e+00
7.287129504374684208e-01,6.874976262798541959e-02,1.773369350557238433e-01,4.608995129477834185e-01,5.320903112821098041e-02,2.548690291525135820e-01
-5.194270839792735073e-01,-6.624138340842296024e-01,2.020250411062033180e+00,1.075330936381292853e-02,-5.610270190980862770e-01,-2.772529511930387880e+00
1.889712725075253674e+00,9.531840673253798579e-01,9.896908814579559177e-01,1.624012255068813415e+00,-1.126874332811642621e+00,6.415518286436940054e-02
4.333302396576314830e-02,3.905743754160016512e-01,9.092699235382991629e-01,1.217663998976208806e+00,9.658467018944505433e-02,-1.511774712850418589e-01
-3.943000165987662897e-01,-2.250142432965602346e+00,1.556632032311227598e-01,-7.198367891011416830e-01,-1.198931798008839644e+00,9.350646729987951433e-01
-8.078394801008527415e-02,5.621654053333091650e-01,6.533920015650307445e-01,-9.704898078467130151e-01,1.137236556839290591e+00,6.883296026018927982e-01
1.071227930104862613e+00,4.150465918134519927e-01,1.482123905234014938e+00,5.559631557109325772e-01,1.059923780589956954e-01,-4.316423069576544314e-01
4.315298881648646501e-01,1.016782464843337008e+00,1.752641943503271182e+00,-1.767241219726596868e-01,9.630362130462966075e-01,-1.491196365328395279e+00
1.623590861605807678e+00,4.528677678166825177e-02,4.270553126500143959e-01,8.511826034235179250e-01,-1.036848443761644312e+00,1.050297682620235040e+00
2.712645736582648681e-02,6.974086474381940848e-01,-6.790824624339135696e-01,1.764454161676325475e-02,3.208409819256412554e-01,-1.517779494551357189e+00
-1.622946502087354137e+00,-4.301871453948122870e-01,-3.492592674871978886e+00,-1.986184392297919432e-01,-3.422691124701285670e+00,-1.056334893136067654e+00
-3.903857674050784099e-01,-1.343281722070582163e+00,-2.480450800839188730e-01,9.084656762919943729e-01,-1.161108802802281126e+00,2.808539510276591988e-01
9.132255296322587812e-01,2.887398524962805912e-01,1.559770376484447496e+00,1.600998934940821850e-01,5.893034798599672275e-02,2.777680998888233388e-01
8.960676005608313455e-01,-2.511933474951614231e-01,-4.636058306969508269e-01,1.277328806405775508e+00,-1.547283990955206523e+00,5.945071941992765563e-01
-1.279706039222065495e-01,-4.351631227132773394e-01,-1.010950218305777470e+00,4.093080297239580223e-01,-5.734281486628931557e-01,-1.130548487223138887e-01
-6.050335110942320002e-03,-1.215809235709866210e+00,-5.363357749690250698e-01,1.350770034084679994e+00,-1.816001355179573951e+00,7.066983587746779039e-01
-2.395760892245989648e+00,1.205215941483203546e+00,-2.214003340188497759e+00,5.489319631631756069e-01,3.425941538209023585e-01,1.090264683340677276e+00
-2.471657501281237512e-01,9.495835045024708654e-01,1.747797377083318282e-01,3.377536379428626723e-01,1.219505846541871996e+00,-4.506519082190407754e-01
-2.866462159171160984e+00,7.522944286468096209e-01,-2.900399892147083047e+00,-6.130323486270619071e-01,4.365154867358970736e-01,-6.324591371118880589e-01
-2.149775945677191158e-01,-7.613514161339597630e-02,-1.491802127136974132e+00,1.129605389221204570e+00,-1.352938623637554461e+00,1.259721187240280260e+00
-8.853972026475690482e-01,-3.267695709918524982e-01,-1.271283805345907014e+00,1.186638665176180663e+00,-9.821036140369434619e-01,4.980337864964695660e-01
1.442906753524307417e+00,7.461263218247450313e-01,9.578055759839740890e-01,-3.908209136846091392e-01,6.270028816866068944e-01,-2.269284343436155926e-01
5.581851345455181024e-01,5.037856707849523996e-01,1.243567533586473539e+00,-6.277715059634813022e-01,9.397450970718919105e-01,-5.040052765152805980e-01
2.584520597387739982e-01,7.604090959727648896e-03,-1.085735511213615556e+00,1.672276943380476943e+00,-1.987922725248581823e+00,1.703478555411013229e+00
1.988177562363033779e+00,1.046698531882416905e+00,8.885288300320605126e-01,1.709030560528291276e-01,-5.128350819051932102e-02,4.306724452459392838e-01
8.747367843906820317e-01,-9.937117382195076454e-01,-4.351836797192839557e-01,1.601663976713527893e+00,-2.871676471203883807e+00,2.207478785793905718e-01
-1.436616560924730557e+00,-3.998904571435982214e-01,-1.766428062784885400e+00,3.607606557901426453e-02,-1.084306430764304385e-01,-1.228777297199584451e-01
-1.424350372972860990e-01,1.841176235635004543e+00,-2.965205332017314399e-01,-7.411805473570346470e-01,1.551617139431556547e+00,1.022875175985777041e+00
2.033306007856243436e-01,1.010304168417322623e+00,8.319588693413562108e-01,-1.491772286569307236e-02,1.317229679084066074e+00,-6.666985129853788550e-01
-8.458150196205763693e-01,-1.207924703933558469e-01,-1.277333497176547761e+00,9.169801645408066637e-01,-6.775298791024699785e-01,-3.510737484183416857e-02
1.137859718610255477e+00,-1.135923248112188144e+00,-3.902156902532545324e-01,9.289085650425864538e-01,-2.061542225028174524e+00,1.068454457448826167e+00
-5.047684227230765375e-01,-1.025054135081296058e+00,-1.159598758038102417e+00,-1.084808415696908002e+00,-4.995419430506469957e-03,-5.701093429211273600e-01
1.730488240709489034e+00,-5.185338654405553527e-01,-4.120066884885233427e-01,-3.955202337418602387e-01,-1.591837131260738891e+00,5.124541567056520863e-01
5.908847604889364558e-01,-1.736826979874974031e+00,-5.547221542942068484e-02,6.828897566744173142e-01,-1.762540761275843693e+00,4.914824756769929359e-01
1.030884805776232926e-01,2.744629891723460169e-01,-1.001255786684614124e+00,6.021247655918786634e-01,-1.195112591803783708e+00,-1.399404489083868386e+00
-7.166384901632347204e-02,-2.080355205321808010e-01,8.203264434504617952e-01,-5.910791392157275226e-01,5.260903187911192269e-01,5.436560902397451489e-01
1.805045250787369049e-01,-3.822053557303374816e-01,1.193552650814470928e+00,-1.000435718356987858e+00,6.124313641119573104e-01,-1.744985041165555195e+00
-1.950153135761308887e-01,1.600223316438763310e-01,1.050849984734159692e+00,4.690783056496293790e-01,4.260234369286526324e-01,-2.454758782555782837e+00
9.533714427847181927e-01,1.134012541465030388e+00,-5.981195082476086222e-01,9.832327765955914955e-01,-9.540705296082090392e-01,-1.136880866478216703e-03
4.190391943604860336e-01,-1.194800636629397061e+00,9.256374493611089216e-01,4.630267843326178745e-02,-5.880617387203620483e-01,-1.137441971181114120e+00
2.048891158851093852e-01,1.455740467691032158e+00,-4.244787285546016697e-01,1.749679037054480690e-01,5.147467061096685503e-01,1.955655536119243143e+00
4.164456736766931899e-02,-1.061489265958024397e+00,-1.788598912034129018e+00,4.974925723795248222e-01,-1.978115813077559126e+00,1.150016038032918519e+00
6.489253661769378567e-01,1.449048779110610807e+00,1.974093607305672793e-01,-1.236157376922524698e+00,1.283797689264408293e+00,7.657458105536701920e-01
1.123875370990376821e+00,-5.971100254508750899e-02,1.044269560353880077e+00,-7.887750592938439498e-01,3.904745939149841805e-01,-5.253385715522179700e-01
-8.580832163283211855e-01,-2.522823422791630188e-01,-1.885643086886618747e+00,-2.388960348685738477e+00,1.084699365725761699e-01,6.533820358152735430e-01
4.755691341965382346e-01,2.199376336836237900e-01,2.126264887681752758e-01,-1.205582440442892755e+00,6.721554340440671904e-01,9.874749761428639472e-01
-8.683338332097465528e-01,-7.418130034956430530e-01,5.068290145299444438e-01,-4.512478829933152524e-01,4.920599013671174693e-01,-4.060714421649588846e-01
-5.960076932502279545e-01,-1.204134078438084288e+00,3.802470843628252134e-02,6.626613428911104497e-01,-6.649736956944269917e-01,1.834285740753712479e-01
-7.199412620419670672e-01,-5.722185294065168515e-01,-9.397546471541470270e-01,-7.343194189033398489e-01,4.386114381619047875e-01,6.925694974834992190e-02
-3.417234759030747249e-01,-2.488184366825633154e-01,3.473467114336306616e-01,5.851398080907691535e-01,1.905021783157667681e-01,-8.474580306657315543e-01
-1.009725898906092434e+00,-2.579938357810881655e+00,-1.950756462479339648e+00,3.212334726272053631e-01,-2.455320421477241055e+00,-1.807586195249279715e-01
4.187137050641226432e-01,6.849467641407890328e-01,5.588302238362160557e-01,4.939271996994296088e-01,7.355455625748178461e-01,3.915767028144079287e-01
-3.808593660197082120e-01,-2.676761210368160393e-01,-7.949358145922355012e-01,6.017351266407992005e-01,-1.978830119877386384e-01,2.315500341967764997e-01
9.173690584183473717e-01,-5.068083773209054732e-02,9.658434109959018743e-01,-1.334354294894100901e-01,2.688469818191357996e-01,-8.619626495017704282e-02
2.327613947214416390e-01,-2.895297568245298603e-01,2.864161887023835562e-01,8.298621016906569947e-01,-2.101192096660065567e-01,6.882413460693875829e-02
1.369378418665303077e+00,1.524624544796524317e+00,9.972519975009412896e-01,-7.396316034260020933e-01,1.230726969212397215e+00,-1.800967613140133983e+00
-2.940502976299963933e+00,1.642051526860585989e-02,-8.452502921298590266e-01,-1.348370691547619460e+00,1.623088951679997782e+00,-1.589661706149125830e+00
7.070963396685009394e-01,-3.023411103997195593e-01,4.682411528204388773e-01,4.594391340627884679e-01,-1.616639552752209275e-01,-4.029900591840077095e-01
4.900586881217692398e-02,-1.191726043744096297e-01,1.516800967241494769e-01,5.774419962576620158e-01,1.457950313263956799e-01,-4.956299531314855011e-01
-2.345298434240925545e+00,-1.817396543835230416e+00,-1.129327675598843950e+00,-1.981359816860557510e+00,3.791610713545152112e-01,-2.298631571102559779e+00
8.758740060639585989e-01,5.293421795778475297e-02,3.330750987293868426e-01,1.715087343251439522e+00,-1.572833366221342510e+00,-2.719608260739521666e-01
-1.250258242439648892e+00,4.465810868757821295e-01,-1.221807382228240035e+00,6.751554492602963586e-01,1.324545904813737296e-01,-6.161942409466265591e-01
2.798991356366998251e-01,-1.820669612332947329e+00,-6.386874338120973604e-01,6.887189008370563359e-01,-1.897854998075781507e+00,2.685094642294709177e-01
5.203082563997476484e-01,-1.584561612965856625e+00,-4.813186459058070854e-01,-9.243444754416898501e-01,-9.647046261578092752e-01,8.833480333022948328e-01
7.288830780529701459e-01,-3.708194824148752788e-01,-5.401258618915975029e-01,2.186978199609032891e-01,-7.038851784188500105e-01,1.315988883845068624e+00
-3.190238277748063678e-01,-1.540934368785328745e+00,-3.256393812489193906e-01,7.210319092050392342e-01,-1.195956734237152652e+00,3.468817959222693648e-01
5.581003524780556724e-01,1.122307300533092578e+00,6.673268496263696781e-01,-2.767996969714341948e-01,1.316364369454031902e+00,-2.500996061728784636e-01
4.744492694825356294e-01,1.326313572666619756e-01,8.321300104705825484e-01,-9.988318100561219270e-02,6.229261494201859817e-01,-1.100701957018970917e-01
1.277447366464782297e+00,1.559870201862478267e-01,1.403924581290282747e+00,-9.183727780557005005e-01,-2.464936908659475789e-01,1.127998400517476352e+00
-1.069886541767977706e+00,1.553591445868267584e+00,4.686745063873400396e-01,-1.568612576483532139e+00,2.154596908152385026e+00,-1.433726127940226913e+00
1.685438967616504913e-01,-4.575553921699089255e-01,5.944599611562929597e-01,7.670574622588542946e-01,-2.691575081088727894e-01,-3.933154665342306067e-01
-2.068464827435874120e-01,1.597346432322666321e-01,-5.706838657221320332e-01,1.504233761923214008e+00,-2.273864847121193744e+00,-1.367306574353790216e+00
-8.788187618620807440e-01,-9.382959754284947440e-02,-1.201141826133127477e+00,-7.651307571284720055e-01,6.341873378055545851e-01,5.723809787142988270e-01
-6.327690394954912367e-01,7.320278510977770159e-01,9.191795874411814449e-01,-9.796354196719937457e-01,1.556430668568087983e+00,-2.185412512643511551e+00
-1.904766331780491095e-01,1.014550437609713862e+00,-4.251180957603649668e-01,4.136362785042183021e-01,7.990060429495180472e-01,1.267589635990479691e+00
-2.006415205111343122e-02,-1.041946824079622136e+00,8.909669259376343797e-01,7.629778021911723940e-01,-8.712203669791588334e-01,-8.787513113311367086e-01
1.330186957571412920e+00,2.490010711369196883e-01,1.481362282028437227e-01,1.179983376681752238e+00,-9.695019973270569968e-01,1.134948564438666541e+00
-1.261734562672552074e-01,4.810962132141022862e-01,2.305897064366892180e-01,6.596609184508298585e-01,6.184367872531921773e-01,-8.751648893566749132e-01
1.099079396852139956e+00,-9.953713186273470681e-01,7.348264783432428837e-01,1.044114659985948990e+00,-1.719665357092748481e+00,8.297691565410358905e-01
-1.012954134228513770e+00,7.771143185103922546e-01,-1.393465575558560987e+00,6.283912021548980764e-01,9.524625112417811623e-02,-4.188168207894360506e-01
-1.657758769405467847e+00,1.265027727484307363e+00,-2.724777709878143384e-01,-8.988895195450988806e-01,2.091879282365933346e+00,-1.003394819137453542e+00
3.497167796062473633e-01,1.191610137803107428e+00,8.584238276645914656e-01,-4.205792514476668353e-01,1.483819486181020331e+00,-5.711185373910429020e-01
-9.384194866946156122e-01,-1.111320414420630343e+00,8.535474351720611086e-01,-5.199442727843217593e-01,1.343334170189644794e-01,-7.447927283598181347e-01
-3.177430298186620927e-01,7.665118577163310132e-01,-9.889999169340778495e-01,-1.165796960599454063e-01,6.901874171412678560e-01,2.333520974277073640e-02
9.254667679040826100e-02,-1.383907481642877024e-01,6.462369204951763368e-01,9.154870433724031364e-02,3.515909587419180915e-01,6.660514704816266063e-01
1.185163384232996997e-01,1.363766535164054050e-01,-6.800594214215653910e-01,-1.165688393907361176e-01,2.576656831363076661e-01,-4.568207472325351293e-01
2.810444432656107883e-01,-7.539639272554788940e-01,2.977842437947786913e-01,5.685365106813123903e-01,-5.168101926496664333e-01,-6.923559519132655993e-01
-1.948890923539068065e-01,8.872075238914766127e-01,-1.421362163522158717e+00,-1.369721705069766982e+00,-3.923096680222064037e-01,2.071134521729949274e+00
9.887108909525910150e-01,4.423587712786692383e-01,8.141651530152833605e-01,8.990243841927251234e-01,-1.520191190225665401e-01,-1.477665154259544700e+00
1.602702012689557032e+00,2.187888723998204998e+00,7.459606307636538203e-01,-4.646135881630107378e-01,1.036265794085228453e+00,-2.759414914164241561e-01
1.148562016636868292e-02,3.187459232249044705e-01,-1.012954583525592200e+00,-7.491976533901052726e-02,-1.235729554646205000e-02,1.494360347126826971e+00
-9.316779912892778626e-01,-7.223096028646632805e-01,-1.236127329561730992e+00,-2.758135080896708224e+00,6.841527434983954437e-02,1.324553730583401201e+00
-8.663399721314127833e-01,-7.556359123774980535e-01,-3.450139699205140298e-01,1.311873760371339515e+00,-1.321413015499237176e+00,-5.309820622650006650e-01
7.576699138535849531e-01,-7.344701086351023145e-01,5.228914186483986093e-01,9.457030082871634158e-02,-4.257781840449555433e-01,6.475071006012326214e-01
-4.210691735354409326e-01,-6.114770441411121471e-01,3.570050196264788062e-02,-2.017895589928141220e+00,7.530748904913538988e-01,4.270697210818864831e-02
-3.748868012162049457e+00,-2.718179032227442393e-01,-3.911036826397741084e+00,-1.406035783867809918e+00,-4.290632954588633474e-01,8.357454623440110364e-01
-3.053792410237310961e-01,-1.467952938055992196e-01,1.049182967150352974e+00,7.833124015195473688e-02,3.877565793458117582e-01,1.259085004296064680e-01
-2.446028524534613890e-01,-5.026061068199394466e-01,-1.961298499015886154e+00,-5.851651817332088890e-02,-1.238998352738862607e+00,5.384734571367795208e-01
5.583776245797783533e-01,-1.049665438561787845e+00,1.983917584664758038e-01,5.035977391453756724e-02,-1.034890503345525792e+00,1.649107264646730409e+00
5.731334482828683852e-01,-1.415746067677017828e-01,8.788920523032078824e-02,6.513994468027395346e-01,-4.525650005682382848e-01,-1.105747852836288292e+00
4.229576577538763371e-01,-2.297478505327728293e-01,1.454720037921504616e+00,1.874798133338468065e-01,1.708855471213929084e-02,-5.873077926799241677e-01
7.948762579838596354e-01,-5.646741130205273906e-01,7.919653057257645123e-01,1.084018078343260028e+00,-1.098446893435792937e+00,-7.930915138061038760e-01
1.219435519515332939e-01,-4.626971807494690281e-01,3.723861712131523727e-01,1.161060428080783247e+00,-6.577768035015666426e-01,1.123140581752716215e-02
1.177368457258530343e+00,7.495831447646719714e-02,2.494521780632788788e-01,3.294049128600792797e-02,-1.654976221282413937e-02,-8.000402929864144919e-02
-8.517694123005478679e-02,2.219869391074346665e-01,-1.856165048720427313e-01,1.568773811851778444e+00,-9.343094778238612008e-01,-3.643998937125428328e-01
-6.081479204268201988e-01,4.340103568880198659e-01,-1.572619767082368281e+00,-2.443095694437062093e+00,6.722306127721298097e-01,-4.276371302638078131e-02
5.311940229017971804e-01,1.459579501340380725e+00,3.972955599302220309e-01,-6.564500314806333003e-01,1.267146317745013517e+00,1.107299971345310219e+00
-3.968592142086638241e-01,-1.396099446104186237e+00,-6.741784949622217082e-01,1.212867670401347242e+00,-2.589164923834151200e+00,-7.836361067216232046e-01
-1.306008272570771678e-01,2.597769340727847709e+00,2.173916288891419302e-01,-1.227501556576630959e+00,2.176297205513728628e+00,-3.210889631150785628e-01
9.780692299834443659e-01,2.225570022931064873e-01,1.150193180382995228e+00,5.269591945713107961e-01,1.281563304488711752e-01,-4.612565381612500626e-01
4.902515742783334352e-01,1.756640202717961192e-03,-1.736749210759239437e-01,1.476331686880252958e+00,-9.332248187125182781e-01,1.164785531750600622e+00
-1.283335350114557905e+00,-6.292406211831116369e-01,6.076574188430023948e-01,-2.120393463754852270e+00,1.003987584512618714e+00,-1.355616139581730550e+00
-8.431257902338692434e-01,7.362937812295620166e-01,1.119230465670873365e+00,-2.206018153715425256e-01,1.291569852532808982e+00,-1.328700863368973639e+00
3.529971188625180556e-01,9.982864655465660819e-01,-9.499524157083119591e-02,-2.507046065306176019e-01,1.100690054409270813e+00,-5.027119858129782681e-01
-1.049439397908179972e+00,-1.428880293949531533e+00,-1.604029429167632470e+00,1.033821445627206792e+00,-2.229047659312805241e+00,-1.178685832137903317e-01
-3.177724759778240982e-01,-5.940793811538821328e-02,1.653869363369886714e-01,-1.832390858940185774e-01,7.876738360690175300e-01,-1.223633039427395097e+00
1.086679684669057622e+00,-5.758901365256163807e-01,4.525197895296639850e-01,1.360636067212428024e+00,-1.554178494647385333e+00,2.760864564355334227e-01
5.223739008895469382e-01,-5.223807534391332608e-01,1.270414390642870206e+00,3.415594674216185234e-01,-2.645943493674289271e-01,-1.381624549060706642e+00
-8.898065118563612819e-01,9.360983706912016922e-02,-5.965339060710008745e-01,-6.023727818162500913e-01,1.032334647872513944e+00,-1.358989263383197921e+00
1.126392687043732854e+00,7.284382653609229319e-01,1.565082145623537313e+00,-1.636681091494485152e+00,8.588078347811740620e-01,-7.598340279031687849e-01
1.973658250774420475e+00,2.698106956254939792e-01,1.834865331613495298e+00,2.903760837587456359e-02,-5.343642175367587788e-01,-1.770511248325216780e+00
2.988026213534488162e-01,2.231429397206223797e+00,6.883332477057425569e-01,1.921374597854387911e+00,2.916251387477556412e-01,-1.333516622473701396e+00
-5.263928904403591957e-01,9.806852125835991973e-01,1.243820318421486326e-01,-2.239615496271270267e-01,1.552359879018527566e+00,-2.927006497253031303e-01
-9.909785256762429842e-03,-4.440873482904320602e-01,-1.270326060796290069e+00,-4.037039175826800386e-01,-7.593776148714005414e-01,1.821896831693449625e+00
-1.311725209931765113e+00,-1.726141460427573993e+00,-1.270539266989340721e+00,4.216978102106603843e-01,-1.088163199897137279e+00,3.808327020852317335e-01
7.205282009037919377e-02,-1.655882871047611671e+00,-8.933476830241887656e-01,4.363918425338544904e-01,-1.516420828455622649e+00,2.651310597850001782e-01
7.071979333006133128e-01,1.495704356134608615e+00,4.989700531980008069e-01,-2.026289434355322827e-01,1.385840354734254376e+00,-1.064681430415187702e+00
4.714793168589106465e-01,1.018868357557106918e+00,-1.355799646342484843e-01,5.702479686976889006e-01,4.213002046291589586e-01,1.491298809758560218e+00
9.949613634948263619e-02,2.628502992124172599e-01,1.099465162478094227e+00,4.715810071860268571e-01,5.109394338745497643e-01,-3.327133660674688742e-01
-1.887218870824460160e+00,-1.902895011687916860e+00,-1.780599181388506258e+00,-5.744637876825638978e-01,-6.742604110691290398e-01,-7.031577492509791805e-01
-1.408418112633066377e+00,-1.124797157914825263e+00,-2.420991480406155638e+00,-2.857676225363072753e-01,-1.017757357920725747e+00,1.058327764899305912e+00
5.293049509075672399e-01,-5.245967371079958141e-01,9.431938500685002058e-01,6.727931264195380345e-01,-4.383733566102256396e-01,-8.687018168355693879e-04
8.502988623320938411e-01,-1.906117909370149244e+00,4.274687578709137487e-02,-7.063642738360871309e-01,-1.492435778407870783e+00,9.501420019941693162e-01
-7.455018480710292605e-01,4.743103257249522975e-01,9.188733687434266773e-02,-3.085716477622288956e-01,1.325370637063508772e+00,-2.446095908073336878e-01
-8.980184964005671899e-01,3.744042725675184036e-01,-4.873380139633480823e-01,8.782097168664386722e-01,3.788068087548100982e-01,-2.926914129824848554e-01
7.241301586346645669e-01,1.317611232379332309e+00,5.260236931963809814e-01,6.936731592728739848e-01,8.751441117126383951e-01,2.960337010015851589e-01
-1.099651745177154361e+00,-2.587291491510463337e-01,-7.933613888532258240e-01,-7.032178375164508388e-01,8.816206345530780419e-01,-2.498089476272868092e-01
-5.437353593079170544e-01,-7.413899183785631619e-01,-5.752238018021187393e-01,4.308177971343094548e-01,-3.027443024529263282e-01,1.199621558331355642e+00
8.144599074576700515e-01,9.965918631877297706e-02,-2.231815799208956008e-01,8.007321885525503502e-01,-5.587796333727336195e-01,1.363396045846603899e+00
7.881572868392230369e-01,4.457014706302811491e-01,1.002403173926384783e+00,-2.962749669040583289e-02,6.871223920279596609e-01,-2.423443256366192844e-01
-4.959670143278829268e-01,2.434447684577287219e-01,-1.040654769843974981e+00,-1.099712793283192269e+00,7.511027280299410469e-01,7.678912843233673957e-01
1.286548880869809341e+00,9.339384242889148258e-01,9.853822242215414251e-01,7.850194021245321396e-01,-4.535133533459016764e-03,1.337732518428697004e+00
-1.454795082594426692e+00,-6.449944977867881901e-01,-1.415283057828948809e+00,-1.698826808712852743e-01,1.818398443938467057e-01,2.305154337978335688e-01
-3.169140727286478554e-01,-2.092894017921181904e-01,-4.073255379488328054e-01,3.458020201682167616e-01,2.407011636975845970e-01,4.246143158695353526e-01
-2.073857673219005715e+00,1.629347699559172025e+00,-1.624671503569759867e+00,-2.630348454744559028e+00,1.863728308148135282e+00,3.298838383297529875e-01
-1.914383631556032250e-01,1.213790319303623022e+00,-1.312432942024485794e+00,1.801368002837775983e-01,1.055579587517828100e-01,8.530742353624057861e-01
1.332390761001456925e+00,9.293659369204275711e-01,4.334671163831695928e-01,5.723114150112542653e-01,8.538000669235361328e-02,1.110931854601637570e+00
1.159808189589702110e+00,8.701020271915541615e-01,8.721032841609203945e-02,2.009057135544277894e+00,-1.545918157249156044e+00,1.500132930848786295e+00
-1.503268664932830623e+00,4.757396372735402945e-01,-6.533175198709184617e-01,-1.651239997548673122e+00,1.384779528402091175e+00,1.013320689467445135e+00
-1.808841736729839500e+00,-3.112955860916737372e-01,-7.272862591118511855e-01,-2.276765615822044619e+00,1.388967567303580175e+00,-8.371569612330952426e-01
-4.897463030691723285e-01,-1.369510501797317259e+00,6.104418984931271608e-02,-1.340666981975894949e-02,-3.840291041177941178e-01,4.256646032021703663e-01
-8.926362482212363281e-01,-1.291385651079662855e+00,3.802811036151197976e-01,-2.324460589339750083e+00,6.039878245537987356e-01,-1.580968296188907107e+00
1.219181397178876303e+00,2.011593160484223264e-01,8.009753063184408273e-01,1.182652589746978344e-01,5.140356653221540839e-02,7.204541896441452042e-01
-4.380262750472154742e-01,-4.910740820628691217e-01,1.582345463427665411e-01,-1.026875832369125385e+00,6.981261317663495225e-01,2.894390515561141575e-01
1.372834269929408046e+00,1.167587137703931077e+00,1.017819045329816374e+00,1.407956746932187642e+00,-1.678692603033855035e-01,7.936763407597694497e-01
-1.757141961551103027e+00,-3.902437154821470355e-01,-7.507188568453856403e-01,-5.714004777239175548e-01,8.651199271522520551e-01,3.876645680110027414e-01
1.557036893653128418e-01,3.719695042423434850e-01,1.569021580848269093e-02,2.657675855606453363e-02,7.798795850759904225e-01,6.683873088948824592e-02
-5.766200152061033979e-01,2.882366501406322112e-01,-2.095662670531076355e+00,-1.592104169856077833e+00,-6.081825084092928879e-01,1.220719468085265547e+00
6.496963342156356624e-01,2.565785221642712943e-01,-6.280910981281575545e-01,8.738928122387460418e-01,-8.555978713175871331e-01,-5.921639629205924238e-02
-1.840031386061435015e+00,-9.717069763151993111e-01,-1.076955654106469318e+00,-6.195753672854192873e-01,2.781740165906334550e-01,-1.872424670142607717e+00
-2.852682276929984884e+00,-1.230826945930931116e+00,-2.046968818080521668e+00,-1.183334767211577931e+00,2.494073255406439871e-01,-1.669035930487685171e+00
-5.403501255009373061e-01,7.169317601432131370e-01,-2.768790069023069692e-02,5.071110529901781128e-01,9.891837823254130413e-01,-7.105692105734331410e-01
1.281358549554422632e+00,1.710902110848147695e+00,1.108778820562224210e+00,1.421522604984908567e+00,1.592751976786831170e-01,9.987069333396340065e-01
3.679966508319517104e-01,-1.463315382183799362e-01,-9.684049194461728793e-02,-2.571153631785800253e-01,-2.398532481877263187e-02,1.669699660034135391e+00
-3.366539586934903516e-01,-2.443554655501967987e-01,-3.374326737367839835e-01,1.355757777848094481e+00,-6.722872901072485252e-01,6.600861340399748478e-01
-6.154335391646703624e-01,5.184705308953380110e-01,5.919893983720977415e-01,3.957128066205805039e-01,9.743069051033065309e-01,-1.626963452213696426e+00
-5.361530644623915265e-01,-2.601811791831878828e+00,-6.186103216418072925e-01,-1.554253407535617804e+00,-9.300755572155743334e-01,2.332935294150578417e-02
1.517027848897389175e+00,-4.284502367970658421e-01,2.853877144453062509e-01,-3.339615822909167142e-01,-1.328047892040408851e+00,1.826903045038015039e+00
-2.649151626448447150e+00,2.500618506378934347e-01,-2.377555560037377891e+00,-1.838871151780089974e+00,9.011438993494914618e-01,-2.969137944558229769e+00
1.037753702235828523e+00,2.869773239459277175e-02,-2.974891958615980547e-01,2.741900891177352917e-01,-7.338636378286673700e-01,1.673358519535872668e+00
-7.178011294014775834e-03,1.171508994135407322e+00,7.338471679277884518e-02,1.617764137266304081e+00,9.256267815043023317e-02,-8.556159007098079750e-03
-8.520053698991860713e-01,-1.282890870810173167e+00,-4.566319600722044680e-01,-2.403776565022952283e-01,-9.469541487722855921e-02,-4.911144346930041427e-01
1.156539218434752686e-01,1.094446551438919890e+00,2.568230614065843409e-01,1.723147611252271449e+00,-1.374116454965250977e-01,-3.260820677731393058e-01
-1.906659823219376548e-01,-2.887114631842608414e+00,-1.216030001719044407e+00,-1.292425166555430938e+00,-1.658386289417682180e+00,-3.312253312978668401e-02
-5.748137082250339702e-01,-1.365132064967583991e+00,-2.248539921505161576e+00,-2.100032726999599753e+00,-9.759736430506577021e-01,-2.322782132453197756e-01
3.072727216314780074e-01,1.227861757081324168e+00,-2.451119189694512257e-01,-1.054268235821613109e+00,1.367003996368788554e+00,-5.539823031129483821e-01
-3.312904609841886838e-01,-8.684807992060192827e-01,-1.076488544451905949e-01,1.723794394322317458e-01,-9.673920696133432584e-02,-4.388594895738274215e-01
2.529449608541616268e-01,-4.022997508918158549e-01,7.475421159188426756e-01,1.332545315476637571e+00,-8.902293455834031644e-01,-3.859451408972847664e-01
-5.549848760952343918e-01,-4.883186445636785722e-01,-7.430083579487551937e-01,1.005129276561428642e-01,6.339587595367451867e-02,-4.565494668087340946e-01
-8.209074913922027594e-01,5.112909009631090296e-01,1.138743420733469902e+00,-1.872296564332649682e+00,1.419480964828718328e+00,-1.731937876198996973e+00
-2.682175371950546450e-01,2.479214646048674420e-01,-1.179397468092061363e+00,9.483168313351001411e-01,-7.658571871021186972e-01,1.949699413009957860e+00
-5.273649495237993090e-01,4.885481759724972783e-01,-1.423076131662383004e+00,9.171155955513364821e-01,-4.831487840344589335e-01,1.080845716688644265e+00
1.356014187380770952e+00,6.623218012920127906e-01,1.839595748938394726e+00,-7.792010368354359562e-01,2.839017353389637899e-01,-8.933782489924051162e-02
-1.332442023611977722e-01,-3.090580099025082017e+00,-7.436696346086120180e-01,-6.825512089217848910e-01,-1.914968939683937110e+00,-2.587419424044257732e-01
-1.259929295523076309e+00,9.679795011819704031e-01,-1.788520070346283908e-01,8.834189346781798902e-01,5.966217353677042423e-01,-2.622291464182747944e+00
-7.425176106815426502e-01,1.264597552958186766e+00,1.182483352088406492e-01,1.676950021743463803e-01,1.589560227182947427e+00,-1.600113012874638044e-02
6.559531978230628280e-01,1.811533280227666687e+00,3.610083378379811414e-01,5.496485766239856963e-01,9.837252065780197618e-01,1.203116958060267860e+00
-2.603791484176690485e+00,-2.010087520728083901e-02,-1.974843056926096407e+00,-2.192621244402004788e+00,1.259924180681283756e+00,1.079389572523538690e-02
-4.904426819241382018e-01,9.124980384749807605e-02,-1.588725872291863794e+00,-7.204702190217014968e-01,1.232253037166745058e-01,5.485256839872865164e-02
4.458597113929685385e-01,5.628331520692100298e-01,6.321884446683190273e-01,3.708331899253997088e-01,7.419614879423068743e-01,2.317281191455230344e-02
1.280994989533412509e+00,1.439141289584728645e+00,4.548964756483912519e-01,1.773419468098925922e+00,-6.539067058927878762e-01,3.703640680778743505e-02
2.329784211055569709e-01,1.924781436326664374e-01,1.100170331076265384e+00,-9.453410292578566798e-01,9.073000494620843126e-01,-3.390169371595016523e-01
4.065802448250258050e-01,1.471497262742627266e+00,1.069686109024264864e+00,-8.842502066188361320e-01,1.580579217568296224e+00,-1.935590027900823962e-01
1.298518894243089861e+00,4.814194114008497061e-01,-4.307998004550058213e-01,1.020804475503997777e+00,-1.283664571523139619e+00,8.622238516201118363e-01
-1.220872276547504631e+00,-1.366542475648881760e+00,-8.924303398174217028e-01,-2.018096517497305897e-01,-3.423721444855488683e-01,1.070113086671689029e+00
3.162203042899137118e-01,-9.014806827819064061e-01,-7.475998969912883707e-01,6.396966026946645512e-01,-1.159468586115786737e+00,2.058658621743212347e-01
6.936302506137200785e-01,4.320748832229558967e-01,-3.423939990282299228e-01,1.659828415619342801e+00,-1.564457698280563136e+00,3.490227325832774563e-02
-1.502682525976540617e+00,1.400667791437522902e-01,-1.397090650034111592e+00,7.646984465736677006e-01,-1.143851353507708245e-02,1.468432645429481320e-01
7.592909660780330361e-01,9.861991262719409512e-01,6.631691570227093990e-01,-1.071146209637587665e+00,1.140763364315430239e+00,5.524272914659003053e-01
1.664983522303404406e+00,1.419236318192856672e+00,2.783177834313093069e-01,-4.510994735926093235e-01,1.391814212837676201e-01,9.166015123274918741e-01
1.315772311848406151e+00,-1.795241126600040982e+00,1.252017100428166052e-01,4.001425864785354003e-01,-2.369146347009479570e+00,-8.242355012889504007e-01
1.333516718052001782e+00,-2.650680822346173637e-01,1.021962363807652485e+00,-2.244100606334509251e+00,7.097515397397864689e-02,1.004741604902761321e-01
-2.604243250088842387e-01,-5.413848831476950618e-01,-5.959871214365827230e-01,-7.600465129117186525e-01,3.958639571859445816e-01,2.239308482170957737e-01
4.729060137961615951e-01,-7.772014406177281398e-02,3.270199525877306446e-01,-2.416027931217579749e-01,5.116650003996608964e-01,-1.536242224919720789e-01
7.665853673375010446e-01,4.792675118141088153e-01,8.520458477723952262e-01,1.504755468002855867e+00,-6.060354462338046755e-01,1.322592723549934179e+00
9.340301639410849566e-01,-3.012154472161934216e-01,5.800426524239030712e-01,3.622658974605725835e-01,-5.944288078122178520e-01,1.488119508650542100e+00
-5.094076669693459181e-01,5.420107385134224076e-01,-4.228360048639628332e-01,-5.452162264347713005e-01,1.238070531940421271e+00,-1.021032561904126057e+00
-1.046686004652768176e+00,5.887618905456465379e-01,-7.463388483428768927e-01,-1.736679752626228979e-01,1.198768063798865580e+00,9.596345116157660449e-02
-2.468755912028045785e+00,-1.864476673597928791e+00,-1.784201461762918495e+00,-2.265780719602920046e-01,-9.757703513442836929e-01,-1.374470060303025098e+00
4.032813475488645771e-01,3.951644047566233997e-01,1.059340790363963780e+00,-6.773926657466925461e-01,9.661516078491929616e-01,-3.136923758468510015e-01
4.025734210182488892e-01,2.251742549470897303e-01,3.196363017429640907e-01,1.704546959780363635e-01,5.713609705185971332e-01,1.376055767773771699e-01
-5.623427054474506859e-01,-1.030511043014461281e+00,-4.348168936376959892e-01,7.203936941900976332e-02,-2.258923562894941950e-01,8.633232350248856157e-01
-2.117535829652614776e-01,-6.586946641397506408e-02,-4.820106814133049422e-01,-6.684991962547282007e-01,6.983828235909552706e-01,-1.172856351494409699e+00
6.086503100555467061e-01,4.980462150426624435e-01,5.565349774771068958e-01,-4.125336003385540184e-01,6.501132502876988406e-01,1.145004427167279681e+00
1.489173995334010236e-01,1.559421517403450363e-01,9.141454186017045069e-01,1.002320561542081379e+00,-8.574099089806862251e-02,-1.743109980065397302e+00
1.381394365929894175e+00,1.152165181665493865e+00,1.027402137919440461e+00,1.350846467638591175e+00,-4.906154483122162485e-02,1.359727127028702576e-01
-1.408331265919286368e+00,3.002640607559988184e-01,-6.318069832065394964e-01,-3.402358946066778855e-02,1.008333995399296690e+00,8.217860015802190832e-01
-7.591058962161117973e-01,1.430109042845800760e-01,-2.840936756727128684e-02,8.618109311156813002e-01,3.551070752815906340e-01,-3.934131004421640432e-01
-6.192440856403699234e-01,2.921197198777094051e-01,-1.821678740048754408e-01,-1.012837610730063648e-01,1.017251716653928773e+00,2.773473787701211113e-01
9.850042414450563832e-01,1.718388917432744023e+00,1.036587203014462499e+00,-2.865666971612622627e-01,1.427174119379305273e+00,-4.042896245872151240e-01
2.422611773505224664e-01,9.755615614371558608e-02,1.510711069893053704e+00,-3.582942165353930619e-01,6.051277231166292125e-01,-1.520934757170004703e+00
2.736735859632307699e-01,-6.376599742212801791e-01,7.703055711861972465e-01,-8.405864215073037549e-02,1.103122006343480732e-01,-6.862337705436123425e-01
-8.761052099993265063e-01,5.057397160582365325e-01,-6.779142460886419808e-02,4.437214275713548262e-02,1.170195705856533541e+00,3.269935378179261720e-01
-2.910666700904331883e+00,-1.239441717238559226e+00,-1.476181347274442057e+00,-1.347086766485557030e+00,6.405255552427282506e-01,-4.602386340975652690e-01
1.299262087700058688e+00,-2.672604831963271144e-01,4.928840606670500946e-01,5.622528471059990984e-01,-1.363693776482767461e+00,1.951505116614228541e+00
-1.499755768026467262e-01,-1.350965875565790508e-01,1.946160340349283091e+00,-8.417828512033165289e-01,3.053281968320226691e-01,-2.356606525873587099e+00
-2.229827784459867124e-01,2.777460936321973217e-01,9.210083874894722245e-01,5.263168497747635483e-02,8.863110488301850776e-01,-1.662609681261731698e+00
-4.060205582870771157e-01,-3.779114421546975189e-01,6.190673959005036364e-01,7.763227513792829715e-01,-3.140205626847346054e-01,-2.151678803737442802e+00
-1.044723227461857196e+00,-8.249920784778742577e-01,-9.132324231194547393e-01,6.307092170137645892e-01,-4.671632922205799510e-01,5.811973234757405321e-02
1.353782377469797682e+00,2.125254156272575745e+00,1.766582766789502879e+00,-4.541953136074408093e-01,1.269550071894352872e+00,-1.129685823455669480e+00
1.017459610442044582e+00,1.160253414487552731e-01,1.399132760042830714e+00,7.930014247069064881e-01,-4.192614351899910385e-01,-2.252884758038788959e+00
-3.909852943071063236e-01,1.346162177656416548e+00,2.459459075443607701e-01,-4.349925672078294170e-01,1.798251049217217901e+00,-6.728139257309441179e-01
1.991384684765980517e-01,9.216491991239047499e-01,3.494358413863095647e-01,8.682504516083411339e-01,7.019905823598472372e-01,-6.059749617816284628e-01
-7.311044498083032472e-01,4.512867233216147911e-01,-6.676700574773588581e-01,1.530376694996811171e-01,8.062640507733526141e-01,9.001215080068226682e-01
-1.355666129818021037e+00,-9.243856804659053017e-01,-1.231616311180739887e+00,2.019766275055229210e-01,-2.623181901691599149e-01,-1.964250351825647112e-01
-8.122947841590547613e-01,-1.211620509920151134e+00,-1.424073213101863633e+00,6.291614466103179204e-01,-1.207964247298330740e+00,2.514763513767269698e-01
4.809396677844722801e-01,7.345300934412125615e-01,-9.534449148602549551e-01,-1.786527951006974535e-01,-1.347577739435983357e-01,1.125317304985537836e+00
-6.333516791915090316e-01,-1.589677444067738032e-01,-8.699750642188618099e-02,-6.285263215531795566e-01,6.141816368073957921e-01,1.291555040705063107e+00
6.212950954915346102e-01,3.728387454233987874e-01,-3.429960960126268166e-01,1.671987244288251073e+00,-1.238353514359995522e+00,1.728183872946950750e+00
3.024050245734436482e-01,2.020423445487249392e+00,6.272318410852096848e-01,3.714187721588392277e-01,1.528709677401060452e+00,4.936111164438504728e-01
9.606804708933603942e-01,1.047471488424784436e+00,5.976555189476390195e-01,-6.900147571678431901e-02,8.519757919536753432e-01,7.197397286894531288e-01
6.542161223687030791e-01,3.420098392007950294e-01,6.133952412083691738e-05,8.002396463801518811e-01,-7.450604334841566534e-02,-8.521290314279834910e-02
-4.735637563601304278e-01,6.583086718213422284e-01,-2.158096529186581680e-01,1.201888099342306893e+00,1.784917979718632364e-01,1.511832493349959616e+00
-9.227245300439274045e-01,3.621449963070211830e-01,-2.024707079406369292e+00,-5.626604871387702600e-01,-2.543976015902974508e-01,1.444181363177695632e+00
1.195898252605859691e+00,2.659816167307595070e+00,1.590897603153009765e+00,6.623486190138356822e-01,1.207633820179379036e+00,-5.041954812223671256e-01
5.599975251159885481e-01,-5.753697333500540356e-01,1.102897780395713845e+00,-2.081744783685033795e+00,1.656317020343137658e-01,2.008222803034089010e-01
1.376069150739829494e+00,1.215860620510792023e+00,-4.433200222704874495e-03,6.109060633968662613e-01,-2.224827011172761382e-01,1.020579566455248388e+00
3.499668061504367378e-01,-1.517141185995852515e-01,4.661082939880121789e-01,-1.861852060653448104e+00,9.092887000427979372e-01,-7.030954667124138524e-01
5.718847602580237055e-01,-8.915421393358322621e-01,5.319097403643791022e-01,1.646078043775291322e+00,-2.259061350565948256e+00,-3.497299320944192158e-01
5.298362673825267599e-01,3.206708712980588238e-01,1.055117480062265800e+00,1.319964007170632225e+00,-3.940423745238515463e-01,-1.394037226369339022e+00
1.530920550870141505e-01,-7.292567129843742224e-01,2.307418330293137254e-01,-4.585671547561490646e-01,1.938064997934604849e-01,1.314749868234595387e-01
4.162051178768703674e-01,2.309849640503833235e-01,1.872723588218996316e+00,3.476393224204707422e-02,2.493793293851539195e-01,-1.678749605550028612e+00
1.400034169110917270e+00,9.472025034366806651e-01,2.982972922044967445e-01,-9.198623064612822253e-02,2.685499629143007772e-01,8.946852251471126838e-01
-6.669509231863380849e-01,-1.713906921321414201e+00,-1.925241191371648730e+00,-1.299695962268282712e-01,-1.449354553411542401e+00,7.158932636248934722e-01
-3.977801752197032137e-01,-6.348617405844356743e-01,-4.052766692696433415e-01,9.821210324653459889e-01,-6.758583678931313621e-01,3.872272142274862244e-02
3.088992901994843665e-01,1.219648551257488833e+00,5.959358816923319146e-01,6.614342424461655545e-01,1.074089496085492090e+00,-1.384838873867689779e-01
-1.036200914921780125e+00,-1.638076340407950804e+00,-6.137713112127196613e-01,-7.525423758612120873e-01,-1.177491527392648396e-01,-8.620064126610493815e-01
1.176009963303631611e+00,2.648910166036710367e-01,1.831437143053111116e+00,-1.293964906600552522e+00,2.809720020788279982e-01,-6.092973908513498182e-01
1.152814327051925769e+00,1.288595800960006033e+00,8.996652133777152116e-01,6.139902084293937801e-01,7.553816917893867444e-01,-3.362960808764913212e-01
-1.090626911655739217e+00,-1.230341716651978556e+00,-1.282551522516891973e+00,9.235312088885003767e-01,-1.518276473003687954e+00,-1.202326721136708909e-01
-7.178154587033156453e-01,7.762612354648998902e-01,-3.547142993096481789e-02,7.599420805035044246e-01,8.985786466991743104e-01,-6.032628308448177989e-01
2.667022637873015523e-01,-2.352703556991470712e+00,-1.024913413063840206e+00,7.686230099743823763e-01,-2.895499977060675967e+00,-1.195899751084114754e-01
-5.557331009895532734e-03,-6.640439683009152771e-01,-1.226127382428755741e+00,-1.567070077234644643e-01,-6.205780974056182009e-01,1.075210593041507900e+00
-1.786483737946742645e+00,-1.764654119787719466e+00,-1.551111079085769173e+00,-2.383248130058145620e+00,-1.449897493561500827e-01,6.869501967164441947e-01
2.767062029973005877e-01,-2.581974655970431520e-01,5.699473144891956666e-01,-1.032555790655094619e+00,5.607119320829686560e-01,4.701782565819840887e-01
5.529534205170385519e-01,3.460354101419886863e-01,4.009979565923600386e-01,8.589603590773599029e-01,1.531917673623277576e-01,-1.878458224168486068e-01
1.394371108225847866e+00,5.588292577528788385e-01,7.811705199359080254e-01,-5.074106444563399737e-02,2.090130608359163644e-01,8.557531245043925594e-01
1.175371580555490958e+00,-8.102120809602492146e-02,1.290687081610227382e+00,-1.932544756480733539e-02,3.205571220314737402e-02,-6.988996964864706563e-01
-1.897278486484576865e+00,1.530258798625167005e+00,-3.067726138371586475e-01,-3.196626984771601121e-01,2.074524113847497908e+00,-7.976611992862736589e-01
3.286934169041885734e-01,-2.200772822281673313e-01,-3.240056443961815413e-02,6.336708613385849675e-01,-1.311191285831060371e-01,3.997581875708907106e-01
1.102660940622945285e+00,5.021490127373368084e-01,1.895012704801289027e+00,3.855143879097346349e-01,3.217633365492299224e-02,-1.126531147052794113e+00
-4.756954005944647457e-01,-1.032345663503749511e-01,7.662359337901423206e-01,-5.806467144078276688e-01,8.630875740380634653e-01,-1.996737389850461453e-01
-6.116624851304007793e-01,1.245549699466034443e+00,-4.800185013235457876e-01,4.206945812484337299e-01,1.189384635119793865e+00,6.307474749233237254e-01
-8.173370727817946824e-01,4.541176002121906086e-01,3.045573543763866464e-01,-9.718577329442917856e-01,1.377586142562593929e+00,3.070649272761329374e-01
2.280910379745253180e-02,8.529884393267728182e-02,-4.182844893852916135e-01,-8.975047088877168011e-02,4.994054983489166766e-01,4.194763834466432306e-01
2.529361424480414677e-01,8.050548807538016050e-01,3.195039080697233969e-01,-2.332711237875097487e-01,1.220152172913591571e+00,-7.226209959391030058e-01
3.149238265290085770e-01,8.448317528332840998e-02,-5.980050298271504250e-01,1.350536586556748020e+00,-1.171286742140301262e+00,1.350507690694654761e-01
7.581076210254632519e-01,1.715632925758467042e+00,5.375222299241442236e-01,1.414385088771496379e+00,4.113807361997315892e-01,1.145180464236668527e+00
1.346919062710142168e+00,-5.235899263380500157e-01,-1.470242206417010367e-01,1.579594684232129287e-01,-1.435558542736750098e+00,1.724643412492704586e+00
6.838389975494403306e-01,-5.377070170058034781e-01,3.368466832327940419e-01,7.974865310653340700e-01,-9.651798463389985594e-01,-1.233294166082502752e+00
1.748693830104539881e-01,6.343977500075059783e-01,2.041614050164899108e-01,8.679338035616207536e-01,4.782209047663844581e-01,7.584712289064911017e-01
1.086013285247797056e+00,2.192624669450473629e+00,8.154100660748976326e-01,-1.877562330700866533e-01,1.392755403208102871e+00,3.448318840960950538e-01
-4.990140329037917044e-01,-2.618170583432128384e-01,-1.299403848015925622e-01,8.775155595967816247e-01,-6.308008667343069364e-02,6.438409925885178742e-02
-4.457313322838906688e-01,1.277145535437498092e+00,4.748169320459527838e-03,1.420136511439833216e+00,4.323667754636826288e-01,-7.922623508815184179e-01
-1.291810436019314556e+00,1.107467577602024411e+00,-1.435031339456588340e+00,1.140155672584920010e+00,-1.339714224466956871e-01,-4.590969144713403366e-02
-5.422809991521778672e-01,-6.319720467036693545e-01,-6.406297726803494852e-01,2.725266550216380868e-01,-8.583785336950848499e-02,9.359308664941675682e-01
-2.713476134605841139e-01,-6.156910427056937474e-01,8.827461799777973628e-01,1.636402094153653231e+00,-1.778816361063795037e+00,-1.089638375413752192e+00
-3.199878348340724266e+00,6.582800336273646469e-01,-1.515268586714083821e+00,-9.531701900409979000e-01,1.684064957915093474e+00,-2.519115419086831231e+00
-7.557176530513333157e-01,-4.456545449215048027e-01,-3.218354774609185048e-03,-7.532880959045319402e-01,8.658652284272997379e-01,-6.969524639479189876e-01
-1.432315260841379612e+00,3.822438752082431557e-01,-2.643980094870913566e-01,-7.030352406091137096e-01,1.534195085205389386e+00,-1.037207748209321156e+00
2.105110165977655434e+00,5.778394975436295100e-01,4.388887076413765520e-01,-1.725949870118577589e+00,-2.399800433978114544e-01,-1.265711304597085363e+00
4.813310298383904895e-01,3.441734746425512831e-02,6.726718685796273522e-02,9.716408503612766756e-01,-2.458478221289174537e-01,5.863071077764693273e-01
-1.884978409200492644e+00,1.769606180628875147e-01,-1.176826617393464280e+00,-4.373620402203725610e-01,1.102919571986147984e+00,4.218052818501388801e-01
4.352760350737472361e-01,4.604092226912158414e-02,-8.378369843705156528e-02,-2.133167150563978876e+00,-3.633765988572358885e-01,2.291790722185677698e+00
-2.033901016013004437e+00,-1.598690906241570620e+00,-2.130867123398907381e+00,2.092040974698066713e-01,-1.093015775948578794e+00,1.731743558608583033e-01
5.914529243246798851e-01,1.143563588765330374e+00,1.191169410063242395e+00,7.462771934070757673e-01,8.581778800746445723e-01,-8.725960098665275222e-01
1.301281443051267805e+00,-2.792969445938873752e-01,2.111901781485117369e-01,4.685400831569958013e-01,-6.927730193975523143e-01,5.096267176779304409e-01
-1.003967535284021384e+00,-4.449286665527734663e-01,-1.740335306105603941e+00,-1.078213555203280327e+00,-3.450316250710992738e-02,1.302391898025143435e+00
-3.352734699828955889e-01,-7.169185454938434843e-01,-2.014859407336196284e+00,-1.201245322467283438e+00,-1.001136311558237013e+00,1.053362619655134669e+00
7.996312637360193376e-01,1.029903709237356857e+00,1.157928684328387997e-01,7.087924285287678927e-01,-9.989654970797881006e-01,2.728568820311992660e+00
4.253379434726797248e-01,-5.213170829787121541e-01,-3.092855398644013265e-01,-1.583248828683990528e+00,3.256853297510745593e-01,-1.179096448334607077e-02
1.344446525257410041e+00,-4.111551276051429449e-01,1.135245650402283646e+00,5.122485009797720368e-01,-1.044969476154101518e+00,9.451254162973821149e-01
7.103001510451061318e-01,-4.382795600826567828e-01,9.358672545734288972e-01,1.987032691605008783e-01,-1.823362397038432170e-01,3.388047609951093664e-01
-1.189738799236069733e+00,-1.166346438790276663e+00,-3.493882825817725690e-01,2.741480864632447889e-01,-2.890765663504836769e-01,-8.093185163910686652e-01
-9.247082763579347331e-01,8.218045150614811112e-02,-1.003416700597395739e+00,-1.935733433482381416e-01,6.181129178973420180e-01,1.003108571098970003e+00
7.213267926332237456e-01,2.435897074358823466e-01,6.058985517878869853e-01,8.943188225146579684e-02,5.189404482101225291e-01,-8.471568934732810474e-01
7.578164609581137245e-01,3.363176428445670552e-01,8.093118663877486574e-01,-9.741506532446719824e-02,5.498463554166261869e-01,5.216304047996194182e-01
1.144251733897258955e-01,6.725627439628415472e-01,2.407621625330046422e-01,-2.653947014003426585e-01,1.173897739950374053e+00,-8.259310420738671943e-02
2.960836887843124043e-01,5.241761781213318816e-01,2.162924086429363901e-01,-7.206182226855046835e-01,7.793556968048089839e-01,1.334890838130870838e+00
-2.363156248537041648e-01,-1.512492122594738087e+00,-7.105908487695766773e-01,6.875925041517975123e-01,-1.300849325803511425e+00,5.286973932389597008e-01
4.236691668909317032e-01,-1.347660133623385659e-01,-7.571877152974968439e-01,8.243480370780215116e-01,-8.413192929333727088e-01,1.438698037752561554e+00
1.762490379073838095e-03,-4.860219245313447400e-01,9.970720924964839860e-01,-2.915889831157777223e+00,5.832016564674755710e-01,-5.052207931916962158e-01
2.349822579746805445e-02,-6.626904245144671357e-01,-5.675915401748095335e-02,-6.997425099748906530e-02,8.672091852866953277e-02,2.661011775706621507e-01
-1.173422108702246280e+00,7.823676988137093780e-01,-3.615515273002219421e-01,8.561479012666192712e-02,1.367996766022465671e+00,4.365591116888947743e-02
2.437624808060330772e-01,-9.696608236384884894e-01,5.699339804209858640e-01,-1.077033313859227404e+00,2.043748924854031090e-01,-4.320622781774982601e-01
-1.216328385356757469e+00,-1.379874587178122392e+00,-1.325669046721367872e+00,5.364350747636853489e-01,-1.259545278286951397e+00,-5.239638139170421649e-01
-1.397631649673336973e+00,-3.073821855327129593e-01,-3.718817128879124412e-01,5.989162172092933611e-02,6.458221160008970063e-01,-1.047748798090437194e+00
3.743941103559211836e-01,1.250400145343067093e+00,-5.989449615343579447e-01,1.653981069715054542e+00,-7.838123054102758003e-01,1.336771155508510667e+00
6.546441005720002870e-01,-1.098629651123786063e-02,3.054641656391408056e-01,1.549179937312050503e+00,-9.223952819368128608e-01,8.964107372797869289e-01
-1.847419519077471595e+00,1.057774702695177954e-01,-2.904591651121173790e+00,-7.824542506068624670e-01,-7.370607897389116481e-01,1.275497078634570958e+00
4.136797119216635288e-01,-1.278255233628188048e+00,5.488500872894778171e-01,3.902674756296096170e-01,-8.728031634737700717e-01,9.002095016095103264e-02
-4.591178899081255760e-01,-3.906128647477881133e-01,-5.819653784432773369e-01,-1.464990242748310134e+00,7.527318196671620720e-01,1.571973915060481952e-01
1.575246616886063933e+00,4.993723300162494216e-01,6.565966744426776636e-01,3.514032137853337900e-01,-4.207584174040647773e-01,1.442028376379099086e+00
-1.021256646726200090e+00,-1.143391720491153007e+00,7.144836553135383572e-02,-4.702953428855673468e-01,1.791505709209579439e-02,-2.947429342919527073e+00
-3.250364291003723927e-01,-1.089280247068348695e+00,-3.775064847319459238e-01,1.197128936735631033e+00,-1.286273987897733839e+00,1.160656187967925801e+00
8.971185381348991683e-01,-7.184427899823959685e-01,7.606755010901753433e-01,-9.171490026809425711e-01,-2.894775733034053999e-01,8.231076786185388405e-01
5.145831290129821989e-01,2.074399084371524038e-01,5.772939978019457907e-01,1.078012199853400216e-01,2.870695472161046147e-01,1.268455693110120963e+00
1.221081401273548694e+00,1.092686498713461241e+00,3.395065635861490572e-01,1.532254079111716294e+00,-4.751792800615740053e-01,7.811324630025993088e-01
-7.488708478767380772e-01,-1.387595933467514753e+00,6.610767894801883315e-01,-3.854173778769819925e-01,-1.404400924484634494e-01,-5.156630330657949735e-01
-1.516546527459747384e+00,-2.376477337309085058e+00,-1.022048613300483133e+00,-2.390187097224242052e+00,-3.531219974575980358e-01,4.885264341874610144e-02
-1.362122070368031901e+00,1.337090800878781571e-01,-4.647295450813878626e-01,-3.838511826963031393e-01,1.204103580010051688e+00,-7.900424452713895596e-01
1.892372413046206625e-01,-2.391125630146329617e-01,-1.032500613666880396e+00,3.822260259880452815e-01,-6.230234550941874394e-01,1.196087389469288720e+00
-4.425402907376398964e-01,8.182938616331136839e-02,-3.555847828885174700e-01,1.221482617167547247e+00,-5.779812779645175924e-01,-7.455203366288075673e-01
1.328730789589765704e-01,-2.764218389002953136e-01,3.436619450837974377e-01,1.110961426315905110e+00,-5.280278989583868654e-01,-5.470727206637288065e-01
1.675319721643290904e+00,7.745605447929025944e-01,1.914571382495039220e+00,1.548177186477063039e+00,-1.410841586433758232e+00,-2.662681594330104096e-01
-2.293378538777767484e-01,1.129674342849989466e-01,2.133334107404832314e-01,8.547740657805376341e-02,5.710013416239385631e-01,-2.279563076039574643e+00
1.792434972579442842e+00,-4.937146056538346817e-01,4.041679899315402391e-01,-2.055100618556849223e+00,-5.237722726574903787e-01,-1.261730945424691386e-01
8.204439518495644235e-01,-3.006446596610892197e-01,1.425937002403669496e+00,-2.942240211154114604e+00,5.619214981137810039e-01,-2.783954225350004918e+00
-1.171060076313235943e+00,-7.419429830053207997e-01,-1.538959029085054553e+00,-4.959253599855138056e-02,-3.526988487475342660e-01,-6.769292702999916145e-01
-9.928645541126074336e-01,-5.692005719965624877e-01,-1.060749738771055828e+00,-4.852956013426164006e-01,1.458812256895309356e-01,1.411708492420038707e+00
1.132112983157676389e+00,8.789879562268518853e-01,7.893329325346513103e-01,-1.300925076447063233e+00,1.141936186735273306e+00,-1.243887880423852010e+00
-7.681181787982681308e-02,-5.615435229501420933e-01,-9.411645648745600723e-02,-3.875068440045010276e-01,3.579891130964483748e-01,4.006694228262559082e-02
4.340455110339738187e-01,-1.218652027133685811e+00,-9.780052172481558115e-01,4.348825708715227667e-01,-1.467430467214213108e+00,8.949851530833572433e-01
7.395108415312153793e-01,1.327733972622059389e+00,6.128928040757445350e-01,1.500484771827636510e-01,1.122911264417665977e+00,4.208994278382656162e-01
-4.664846344440828907e-01,5.059070318498234409e-01,6.030941143434519897e-02,1.192839163093121879e+00,2.921390834595107844e-01,7.522822304515084380e-01
4.899229916832537612e-01,2.800387412401545428e-01,2.714284760283640074e-01,-2.265985131071020786e-01,7.412984099278099315e-01,-6.919130752929479877e-01
-7.599906683197586721e-02,-1.500645534442070772e-01,4.925737749003148980e-01,2.256704904927257227e-01,3.743316244936646942e-01,6.008134964235891662e-01
4.342751711084686939e-01,1.000696658943818429e+00,9.634251441782536451e-01,-1.321978269710513132e-01,1.130060960406833015e+00,3.540181118641138047e-01
-2.661979429458285473e+00,-3.280642297112584815e-01,-1.115774958043658005e+00,-2.527293172665864951e+00,1.558961409558536682e+00,-1.951912891879783452e+00
8.152535922943194846e-01,4.629322510088743070e-01,6.475703733058959521e-01,-2.192608720975740555e-01,6.789943231235961996e-01,4.226124015471444673e-01
-8.165185303804441963e-01,6.018559095301553308e-01,-6.054035562898180123e-01,-1.182828061765746508e+00,1.491888829022435914e+00,-2.294374677451700706e-01
-2.739038958474371732e+00,4.664028095700346044e-01,-2.534144912284207241e+00,-1.186379659988813451e+00,7.794529586157039613e-01,1.078467776540572798e+00
-9.581977617187494856e-01,1.051307246556584252e+00,1.020338126451194816e+00,-1.481578319823737999e+00,1.738405474966886244e+00,-1.773327412469350328e+00
6.126379353254711724e-01,3.528540062169417402e-01,8.014951001853264367e-01,-9.200195453799414613e-01,9.780892342868411360e-01,-3.946355106325315498e-01
-7.773430637083958983e-01,2.148789345827793185e-01,5.119620195568478360e-01,-1.656165464398738241e+00,1.492208546229019550e+00,-2.146527898360148789e+00
3.392965191302503847e-01,-6.943178310551506582e-01,7.116925358697832049e-01,6.692005508898978515e-03,-7.726223069554639944e-02,1.747406392665088182e-01
-1.339703510901363526e+00,2.011790173042619312e+00,1.216888382754595654e-01,-3.030859714073470546e+00,2.254451089571947175e+00,-9.897306522904772974e-01
6.215488375685677136e-01,6.877544022699733084e-01,4.387274173570856473e-01,4.254590504232061421e-01,6.500097033632858956e-01,4.827133945592325670e-01
5.774262512911352285e-01,8.661432670788759003e-01,4.713094011095272373e-01,1.484894628055556609e+00,-1.881504688519814936e-02,2.110464589775652711e-01
-8.528872282563352281e-01,1.125570584582138212e+00,-1.058144595461008031e+00,-6.039510692907703593e-01,9.744337353629766163e-01,1.662183435396073605e+00
2.428023182630146548e-01,-1.395278021649149602e+00,9.043160216448768995e-01,5.155068237139997372e-02,-8.895664882671018292e-01,3.902300162788045479e-01
6.625615650798500900e-01,2.591061236764680142e-01,-8.371786264835247016e-01,7.928746297331589199e-01,-9.574896833311915545e-01,3.421924722395845442e-01
7.358401002371875999e-01,2.219677067410651822e-02,8.257816065681085060e-01,1.464221747658502659e+00,-8.171840181744071119e-01,-2.568209665479228576e-01
3.032940239714567721e-01,-1.516414716340501512e+00,3.564366303000772174e-01,-8.522317984227332222e-01,-3.259374383916292528e-01,-8.929776812431653443e-01
-1.122976803478419466e-01,-9.751100007533244352e-01,1.770666081918570445e+00,-2.786197671971351486e+00,6.059311887799023050e-03,-1.954736727284263287e+00
-1.640301439615243495e-01,8.874748203445516070e-01,1.497681755571705076e-01,4.099109614550989211e-01,1.067623784233668660e+00,4.648220968107095175e-01
-4.715107419383048337e-01,-1.089095506905850996e+00,2.293871724270380164e-01,-1.094948472641988690e+00,4.114384941303230181e-01,-7.767944659518930539e-01
-2.819128751841445180e+00,7.079507208135877860e-01,-2.367291577173209483e+00,-1.798200443849695906e+00,7.705006801452732867e-01,1.757749769620439606e+00
1.124910162431743910e+00,6.886911671318025618e-01,5.900744907038133480e-01,9.360617925890080127e-01,4.401864823828677276e-02,-1.392110269717352633e-01
-3.072813712995681734e-01,-1.063229088760957675e+00,-4.008620262858873518e-01,5.711196397076622189e-01,-6.335811020639977587e-01,6.847379277669153330e-01
1.265608422069770533e+00,1.087270008934790422e+00,1.380055995515727885e+00,-1.272151587924836180e+00,-5.101564124030844027e-01,2.190349046787935183e+00
3.824980999859226016e-01,1.223468482402068735e+00,-4.976952126495967632e-02,1.733236098305216855e+00,-3.324649628031421944e-01,3.127468066942969416e-01
-1.541059873090096621e+00,6.067607398878596126e-01,-2.212114658953676205e+00,1.070214301430451043e-01,-3.088318324162305992e-02,4.481399494471407507e-01
2.451438743540422516e-01,1.421592467563352613e-01,-7.404667091707258786e-01,1.532782496081034340e+00,-1.453907199410042317e+00,3.614972635106120102e-01
1.353180116641047537e+00,1.743226832976965346e+00,6.490411080925203580e-01,-9.020783591922493239e-02,6.822121538451610956e-01,1.314083098524043480e+00
8.176052343965906077e-02,-1.026623651370295598e-01,1.714574571198911324e+00,-1.012598376345871465e+00,4.989996757831607899e-01,-1.447137739185903715e+00
9.660266925467124732e-01,-1.718434132537215442e+00,8.914193297785147907e-01,1.487857918926647871e+00,-3.377202357093520568e+00,1.269199912596514213e-01
5.216741537861571132e-01,1.104920484898471722e+00,-1.033966171891319424e-01,1.260790921077126425e+00,8.687303791289616162e-02,8.414966303981669116e-01
7.742826059064208399e-01,1.857759606428598609e+00,1.594993091064109247e+00,-2.691449566797508020e-01,1.299170466194861540e+00,-8.903782849192441728e-02
3.650553897592354047e-02,4.853832006670885102e-01,-2.458869103373926002e-01,-5.237360847239196371e-01,9.406908747500221102e-01,6.237031584657993788e-01
-4.782443010633437019e-01,1.910616314627512635e-01,-1.250893476442032970e+00,-6.417221577588345660e-01,-2.970683570769860893e-01,2.301159462696015900e+00
-3.071973349994763236e-01,8.584715827910667230e-01,-5.105408222211863523e-01,7.920551225430748632e-01,5.813937843128754723e-01,4.209219093256857946e-01
1.650023042058276213e+00,-1.454324659947814624e-01,-5.797325531678171329e-01,8.414216465339179329e-01,-2.390313930144094101e+00,2.696650670950575535e-01
-2.086894898459911996e-01,4.726766304633779336e-01,9.071047850912913324e-01,2.502521721287376960e-02,1.049387425972197363e+00,-1.165203428500139138e+00
-2.333522891500432905e+00,-1.112842810025820750e+00,-1.590844442231931444e+00,-6.266550295507187229e-01,2.773157159712016928e-01,-1.538582929147966349e-01
-7.320830264939942990e-04,-7.451902277214567105e-01,4.896775130420187305e-01,4.048930876475949625e-01,-1.887765554329116635e-01,-5.912975521800903911e-01
2.478524650379132499e-01,5.852455456457444916e-01,4.366450033547250587e-01,-7.117362953318982777e-02,1.041597599631050031e+00,-3.775598482508452092e-01
2.149630000435190091e-01,2.331816904181647707e-02,-1.365218938673830040e+00,6.294783968710568889e-01,-1.158222963325402199e+00,4.527291251099199165e-01
6.524761154221345727e-01,-8.157895693450853414e-02,-4.964401130515241900e-02,-3.524136727563798033e-01,2.411820006971046870e-01,6.140609243040829890e-01
5.698188198387196257e-01,8.273960196524229316e-01,-3.151833927828803228e-01,-1.334647660405999525e-01,6.368868907723164163e-01,3.282104769909365283e-01
1.756732419183378580e-01,1.044160998201893120e+00,1.805973603246791570e-01,1.007688136419361502e+00,5.984737065678470413e-01,1.020654681535773989e+00
-1.293915407268129460e-02,7.444157839294185397e-02,6.959833956122054577e-01,-1.171807624426833616e+00,1.035400691522268657e+00,-3.428860311203381972e+00
1.566697960202029671e+00,1.217084773455994418e+00,1.913113031571116229e+00,7.558978504696304279e-01,-1.516316080803893976e-02,-2.126386988739649431e-01
9.366444870119230437e-01,5.806954968652493498e-01,7.590679908452931945e-01,-7.073903613494056941e-01,6.657866974041668495e-01,8.839983691594045512e-01
6.583076192148135108e-01,6.549180474057177959e-01,-4.063613163454004029e-01,1.246694663045064821e+00,-5.905852671040451307e-01,6.375570210439867047e-01
4.453443481313696384e-01,-1.244201391562938137e-02,7.485807460523059564e-01,-8.634967802395054903e-02,5.611657168368290316e-01,-1.024338159626660971e+00
-8.536795138454558174e-01,-1.016164614463977545e+00,-1.780320855155007043e-01,3.641940819726141587e-02,3.517272508508734186e-02,-3.031482365815535984e-01
-8.220821479169241330e-01,-2.305317628362178350e+00,-4.168197545218682021e-01,9.120417925439763263e-01,-2.682869321446695210e+00,-9.119635162159536179e-01
9.942594966975866200e-01,1.474648387983412023e+00,9.014046572336190666e-01,5.518868134147061344e-01,9.933509536177685950e-01,-7.950385160698576481e-01
8.188130950787613216e-01,2.853654596180328351e-01,5.810823976797504509e-01,1.121908870115466028e+00,-2.390769299494213129e-01,7.575511092807382107e-01
-7.101341586801398487e-01,-3.309001458867233403e-01,-5.380936133560080270e-01,-4.607305096574997316e-01,6.765383877217813202e-01,1.153013276327023995e-01
8.100518307033943710e-01,7.827618250509519315e-01,2.021219587273835605e-02,1.651332735873552171e-01,5.198103703745704518e-01,5.815632539081005969e-01
7.827951618282051882e-01,5.613267507246122445e-02,4.173288769072213134e-01,5.402354265106592557e-01,4.264332365567473360e-02,1.467955062312154835e-01
-1.218614381027661731e+00,-3.478928390532612935e-01,-1.299865257441187749e+00,-5.815376562703595820e-01,5.559985552459482117e-01,1.215299132402669624e-01
