2.314010847758860845e-01,5.486476233392564850e-02,0.000000000000000000e+00,2.269087886655679343e-01,3.276322420643325573e-01,1.591931221602876645e-01
1.695187534733092194e-01,0.000000000000000000e+00,3.527621661777870232e-02,2.631849805785731466e-01,2.632450998431617450e-01,2.687749494871772282e-01
1.422751096125628723e-01,0.000000000000000000e+00,1.784103438551373211e-01,2.260722649148004249e-01,3.233047476432497347e-01,1.299375339742496194e-01
1.883171154780182432e-01,0.000000000000000000e+00,1.302250554536673044e-01,2.298856249154165310e-01,2.662242687916991923e-01,1.853479353611987568e-01
2.728937314470367137e-01,1.315132123453358615e-01,0.000000000000000000e+00,2.252002209269000910e-01,2.649279011811065954e-01,1.054649340996207246e-01
2.571503403401753096e-01,0.000000000000000000e+00,2.430259420742757193e-02,2.373681425586180727e-01,2.059070405647732416e-01,2.752718823290057903e-01
1.980540059042191769e-01,0.000000000000000000e+00,1.049169469362584012e-01,2.377104876976400272e-01,2.003665869159305390e-01,2.589519725459518695e-01
1.519044383147304667e-01,1.181376233599066711e-01,1.373996587530623981e-01,2.088104412631409945e-01,3.837478383091593725e-01,0.000000000000000000e+00
2.132419142726331984e-01,9.811709691481661222e-02,0.000000000000000000e+00,2.094996206592132093e-01,2.655151842194232725e-01,2.136261839339136381e-01
1.263891549549338023e-01,0.000000000000000000e+00,1.993943496506723478e-01,2.257612875534487917e-01,2.874612529474704359e-01,1.609939548934745945e-01
2.183150662139375364e-01,6.804998384436615477e-02,1.433198624158513734e-01,2.257741736247160513e-01,3.445409139011288424e-01,0.000000000000000000e+00
2.361251664464889544e-01,7.722810552762221503e-02,0.000000000000000000e+00,1.899263262020201293e-01,2.680612927726949701e-01,2.286591090511737590e-01
2.129730910799932375e-01,0.000000000000000000e+00,1.025020652264465731e-01,2.280402489542815991e-01,2.536407785892880185e-01,2.028438161499905579e-01
2.663513355818482586e-01,2.085517121704565796e-02,0.000000000000000000e+00,1.986826271127124510e-01,2.702936883912498978e-01,2.438171776971436722e-01
1.913818812631731814e-01,0.000000000000000000e+00,2.766690321028528535e-02,2.474449884779553188e-01,2.079782026820717611e-01,3.255280243665145123e-01
1.953776662730211111e-01,0.000000000000000000e+00,1.005308296550183889e-01,2.139119452558204126e-01,2.664114923835838034e-01,2.237680664325563118e-01
2.165360124891367588e-01,0.000000000000000000e+00,1.204647854088731901e-01,1.790315699338313471e-01,2.236565199447892449e-01,2.603111122233695007e-01
2.441577348092207889e-01,0.000000000000000000e+00,5.086816114945813538e-02,1.970939634918845995e-01,2.600127482552000990e-01,2.478673922942364050e-01
1.917328754890638975e-01,0.000000000000000000e+00,1.415081211619225177e-01,1.970459766116777478e-01,2.245021273614268564e-01,2.452108993759090361e-01
2.246298835864306842e-01,0.000000000000000000e+00,8.589215635005822969e-02,1.896116634226329700e-01,2.247402419321397060e-01,2.751260547087384656e-01
2.432095875891670533e-01,3.063280642747514323e-03,1.198122241347397837e-01,3.172108059070412600e-01,3.167041017263043101e-01,0.000000000000000000e+00
2.466979573272406190e-01,5.084765021909633254e-02,0.000000000000000000e+00,1.908889645499702026e-01,4.137699763102759554e-01,9.779545159341689053e-02
1.693708074413003417e-01,1.504208927622712466e-01,0.000000000000000000e+00,1.951020089690438664e-01,3.053265809788399676e-01,1.797797098485446332e-01
1.769795154308792806e-01,0.000000000000000000e+00,1.074438694242242226e-01,2.474279669740745424e-01,2.912095715354139358e-01,1.769390766354079214e-01
2.050357777024046091e-01,0.000000000000000000e+00,8.356643540426504646e-02,2.586196234892682022e-01,4.488282852705565706e-01,3.949878133505622772e-03
1.853102514316036231e-01,1.303883423086469873e-01,0.000000000000000000e+00,2.315452492741287560e-01,2.063434934369371698e-01,2.464126635486835193e-01
2.561086497797510075e-01,3.492608272423308041e-02,1.659314514275454233e-01,2.271841131352219378e-01,3.158497029332484884e-01,0.000000000000000000e+00
1.556217170035381347e-01,0.000000000000000000e+00,6.228694373240872134e-02,1.972581544916730267e-01,2.969601655435914478e-01,2.878730192287886624e-01
2.703428017986564957e-01,6.132500395645678476e-02,0.000000000000000000e+00,2.152107439117914578e-01,1.749351838618325439e-01,2.781862664712627664e-01
1.790840607164627118e-01,3.583502288108144501e-02,1.829667575310829630e-01,2.542378215675669684e-01,3.478763373038057938e-01,0.000000000000000000e+00
2.023083507765722489e-01,5.746804991407118701e-02,0.000000000000000000e+00,2.350345243336972867e-01,2.976445285344467839e-01,2.075445464412125629e-01
2.854444770100048046e-01,1.054043293132954917e-01,1.303682284608439768e-01,2.495103473958748264e-01,2.292726178199809561e-01,0.000000000000000000e+00
2.150546506458911600e-01,7.313044522510266099e-02,0.000000000000000000e+00,2.437002043026669784e-01,2.565813008830107322e-01,2.115333989433284823e-01
1.771639452262275261e-01,1.298383438133852430e-01,1.830228944766619792e-01,2.250089960163328962e-01,2.849658204673922168e-01,0.000000000000000000e+00
2.559117377032749663e-01,0.000000000000000000e+00,5.948659797480548156e-02,1.672628658908279220e-01,2.526470173359297577e-01,2.646917810951618377e-01
1.632777441039886535e-01,8.555256381239582930e-02,0.000000000000000000e+00,2.489508517139303045e-01,1.987320970326177938e-01,3.034867433370674883e-01
1.903489888876258029e-01,0.000000000000000000e+00,1.345762123730734061e-01,2.240267346484201283e-01,2.467979248436809048e-01,2.042501392471996469e-01
2.013223035659130467e-01,0.000000000000000000e+00,1.188367630132360492e-01,2.310220336846560141e-01,2.102376857848768932e-01,2.385812139513179830e-01
2.550104334674153650e-01,0.000000000000000000e+00,4.251352260443815728e-02,2.192532036941121087e-01,2.201212318404870139e-01,2.631016083935474592e-01
2.013844269873989734e-01,8.340687947363725763e-02,1.569606211716004784e-01,2.566889601805503740e-01,3.015591121868129165e-01,0.000000000000000000e+00
1.812648568225407597e-01,0.000000000000000000e+00,1.833297228455239153e-02,2.190175050233454657e-01,2.549858388408748899e-01,3.263988270286864446e-01
2.762986228501273511e-01,9.019692627462394530e-02,0.000000000000000000e+00,1.852240690571346216e-01,2.210576496094872334e-01,2.272227322086267098e-01
2.087690682929135844e-01,0.000000000000000000e+00,1.082371857872988785e-01,2.220080146081520878e-01,2.821022148977346267e-01,1.788835164139008227e-01
2.221537450539289305e-01,0.000000000000000000e+00,5.619369283215728400e-02,1.874310622057585862e-01,2.674292292540667582e-01,2.667922706540885036e-01
2.304489768372315894e-01,0.000000000000000000e+00,9.023253268175759900e-02,2.076322500792777970e-01,2.773961209733491473e-01,1.942901194283838950e-01
1.932931751107952456e-01,0.000000000000000000e+00,8.886829474739638135e-02,2.284722561668160457e-01,2.228236892586580031e-01,2.665425847163344075e-01
2.538480208185582843e-01,1.964453837237827710e-02,0.000000000000000000e+00,2.778199215174463332e-01,3.612891502605857785e-01,8.739836903103141708e-02
1.900221898935312015e-01,1.555857105781600046e-02,0.000000000000000000e+00,2.159726797830963663e-01,3.723246276285325784e-01,2.061219316370238031e-01
1.315985877119471570e-01,9.808642384007809634e-02,2.175708146179660962e-01,2.397792107714184773e-01,3.129649630585901732e-01,0.000000000000000000e+00
1.459474763153330579e-01,0.000000000000000000e+00,2.233122046176578279e-01,1.978154615007113593e-01,3.497602658834664258e-01,8.316459168283139858e-02
2.053742855236987686e-01,0.000000000000000000e+00,9.883434422791172267e-04,2.666321016501060348e-01,2.367160108707436483e-01,2.902892585131722214e-01
2.249623519441818209e-01,0.000000000000000000e+00,1.317401518284281037e-01,2.485131983594687510e-01,2.805511163408170305e-01,1.142331815271042522e-01
2.084585821565808073e-01,1.933458771853644731e-01,1.015870528224403074e-01,1.811000563862724400e-01,3.155084314493420417e-01,0.000000000000000000e+00
2.074919620523829333e-01,0.000000000000000000e+00,4.822562518760385025e-02,2.465294843738455310e-01,2.281827413264839177e-01,2.695701870596837191e-01
2.229903322237850316e-01,0.000000000000000000e+00,6.891120627203922711e-02,2.467262996971040234e-01,2.133241101486358926e-01,2.480480516584358808e-01
2.212758809723109343e-01,0.000000000000000000e+00,1.118350777928057288e-01,2.253305219673868431e-01,3.298308877540764295e-01,1.117276315134199810e-01
2.397177919327398432e-01,0.000000000000000000e+00,4.768366404945405951e-02,2.249245532335203690e-01,2.602006100719443937e-01,2.274733807123414941e-01
1.387135619965119138e-01,5.211361182626026572e-02,2.628519225977908880e-01,2.630387841541400040e-01,2.832821194252969077e-01,0.000000000000000000e+00
2.382141122360122154e-01,1.003733885962458314e-02,0.000000000000000000e+00,2.198094880923972261e-01,2.060343693153381117e-01,3.259046914966278741e-01
1.757488698885241174e-01,0.000000000000000000e+00,1.376302770616823490e-01,2.282507924463191007e-01,2.461688455655009766e-01,2.122012150379734285e-01
1.576044074492706781e-01,0.000000000000000000e+00,1.432882727170872172e-01,2.058504459584650781e-01,2.202068288627594406e-01,2.730500450124174749e-01
1.549770601381660617e-01,0.000000000000000000e+00,1.359209311300197676e-01,2.099176855752091786e-01,3.439249402879422379e-01,1.552593828686627819e-01
2.966760690022414160e-01,1.254120556541948525e-02,0.000000000000000000e+00,2.927548506623908198e-01,2.284090585449921607e-01,1.696188162249560871e-01
1.925429212028942072e-01,0.000000000000000000e+00,1.067755986755322961e-01,2.262145053455934529e-01,3.007396246394811734e-01,1.737273501364988981e-01
1.911028108504953527e-01,5.153439000252117014e-02,1.802635635946815140e-01,2.367555944075894758e-01,3.403436411447125498e-01,0.000000000000000000e+00
2.048878135733094019e-01,0.000000000000000000e+00,6.727966413081570840e-02,2.164872035120625759e-01,2.445747816728738588e-01,2.667705371109384549e-01
1.310584666769295803e-01,0.000000000000000000e+00,1.635945667390906466e-01,2.167015919730280182e-01,3.193481284802038300e-01,1.692972461307479248e-01
2.046638537786633072e-01,1.130750244466905835e-01,0.000000000000000000e+00,3.291058490636189493e-01,3.403212781585168711e-01,1.283399455251024550e-02
2.072875184932648496e-01,0.000000000000000000e+00,1.203093424479170365e-01,1.684603488921636583e-01,2.679579452700411313e-01,2.359848448966133105e-01
1.509197153915554368e-01,0.000000000000000000e+00,1.083192166404227108e-01,2.542210818343776380e-01,3.145658408194081934e-01,1.719741453142361043e-01
2.191654567880616522e-01,1.705965318401174158e-01,1.136823741775259272e-01,2.080833940662843717e-01,2.884722431280106192e-01,0.000000000000000000e+00
1.814268902509226511e-01,0.000000000000000000e+00,1.845583468865523435e-01,2.264640821401272264e-01,2.951725254664983589e-01,1.123781552558991981e-01
2.252068896896904093e-01,0.000000000000000000e+00,8.338190868449520121e-02,3.260354689560378549e-01,3.495609023133692816e-01,1.581483035640739165e-02
1.825629483127817199e-01,8.086544289021412035e-02,1.713620831791338450e-01,2.505405972189160280e-01,3.146689283989543284e-01,0.000000000000000000e+00
1.835620037190948683e-01,0.000000000000000000e+00,1.150728183995056025e-01,2.126374055878870462e-01,2.867815684235227591e-01,2.019462038699896544e-01
1.790410777293437727e-01,1.752385480231291592e-01,1.770045645265277412e-01,2.080999211569838081e-01,2.606158885640154632e-01,0.000000000000000000e+00
1.999723646944310262e-01,5.641994055744735392e-02,0.000000000000000000e+00,1.978230289383797746e-01,2.816198895332162611e-01,2.641647762765255147e-01
2.879256052373346808e-01,6.347090549167498652e-02,0.000000000000000000e+00,1.875125488968344134e-01,2.355556434854403913e-01,2.255352968887156528e-01
1.900115633818111605e-01,6.819572743778815060e-02,0.000000000000000000e+00,2.696087839859310220e-01,4.713429719887000657e-01,8.409532057695523000e-04
2.028608546621792352e-01,0.000000000000000000e+00,1.454808119514477138e-01,1.868318744248853025e-01,2.661522363316774498e-01,1.986742226298102987e-01
1.944035673879887516e-01,0.000000000000000000e+00,4.533578269317502241e-02,2.682309031344877193e-01,2.370202038044924298e-01,2.550095429798560076e-01
2.049751057014450040e-01,0.000000000000000000e+00,1.434288375881685451e-01,1.915561558999883118e-01,2.578650777457057175e-01,2.021748230646924216e-01
1.983646192247413287e-01,0.000000000000000000e+00,4.054227406640544679e-02,2.237133184326018931e-01,2.513593977083332098e-01,2.860203905679181147e-01
2.214884962605156438e-01,0.000000000000000000e+00,6.419108740193089913e-02,1.703587586303706991e-01,2.851108039593104881e-01,2.588508537478722005e-01
1.889841774348114123e-01,0.000000000000000000e+00,1.266350386495105063e-01,2.203145996436474963e-01,2.288642627022417220e-01,2.352019215697888632e-01
1.664219893584161780e-01,0.000000000000000000e+00,6.148044614758723519e-02,2.279007319848558588e-01,2.515648366895626431e-01,2.926319958195779947e-01
2.315257033501243455e-01,1.229493411935505751e-02,0.000000000000000000e+00,2.353047667231253359e-01,2.281744792239502329e-01,2.927001165834451912e-01
1.375801678317687959e-01,4.765815249896328959e-02,1.294521775621120530e-01,1.908773271264430083e-01,4.944321749807128463e-01,0.000000000000000000e+00
2.262355804828537209e-01,0.000000000000000000e+00,1.288384039673337311e-01,2.340545060840392988e-01,3.064176313380870265e-01,1.044538781276863337e-01
1.723022609274609540e-01,7.324482071816323936e-02,0.000000000000000000e+00,2.642069247277926691e-01,2.633792698531558507e-01,2.268667237734272868e-01
2.276599046381356517e-01,3.359891311444760525e-02,0.000000000000000000e+00,1.715581137634306919e-01,2.802093274314279570e-01,2.869737410525581844e-01
2.105794908579614599e-01,0.000000000000000000e+00,4.719413480996050014e-02,2.685344372452194150e-01,2.628336376473489611e-01,2.108582994395096777e-01
1.876368030048414237e-01,0.000000000000000000e+00,2.038159447355731776e-02,2.056341644009921921e-01,2.880081685242574241e-01,2.983392695963517638e-01
1.969785789754477934e-01,0.000000000000000000e+00,4.774887051265801902e-02,2.230416085963016215e-01,2.791478172807945746e-01,2.530831246347979291e-01
1.814237445647111924e-01,1.540647154692734444e-01,0.000000000000000000e+00,1.181881485687662353e-01,3.430450127605934041e-01,2.032783786366557377e-01
2.437100358615285067e-01,0.000000000000000000e+00,2.523436365726980032e-02,2.309318524126454941e-01,2.545703083503985109e-01,2.455534397181576844e-01
1.576784183522941529e-01,3.565796652485939133e-02,2.410057676983400621e-01,2.166255074507458522e-01,3.490323399737603749e-01,0.000000000000000000e+00
1.863487611526882526e-01,0.000000000000000000e+00,6.435120896248981703e-02,1.991189785515682098e-01,2.318865770685207550e-01,3.182944742647330627e-01
1.951406545364926803e-01,0.000000000000000000e+00,9.803849008983356317e-02,1.997196390063731009e-01,2.517007666186329429e-01,2.554004497486677128e-01
2.533870509856304687e-01,0.000000000000000000e+00,3.673423219933855122e-02,2.833314102203138285e-01,2.631956868587667087e-01,1.633516197359503042e-01
2.656212689924654091e-01,1.087922320125148568e-04,0.000000000000000000e+00,3.198495527269233918e-01,2.456601975728852361e-01,1.687601884757135295e-01
1.696255017957344347e-01,5.287430907113687545e-02,2.441456697630871864e-01,2.467371773487798403e-01,2.866173420212617673e-01,0.000000000000000000e+00
2.132559592432440865e-01,0.000000000000000000e+00,1.851764448464666701e-01,2.523295718420954792e-01,2.952047869358999654e-01,5.403323713229381264e-02
1.920690765534992794e-01,0.000000000000000000e+00,1.714673464408089654e-01,2.489090159391302848e-01,2.979752540690390750e-01,8.957930699752242321e-02
1.620691105590799930e-01,0.000000000000000000e+00,1.357592462465731786e-01,2.151416256767054724e-01,2.540181708415395478e-01,2.330118466761017526e-01
2.762003439645149827e-01,8.897799117912961585e-04,0.000000000000000000e+00,2.372431237496244461e-01,2.594744669688608396e-01,2.261922854052085263e-01
1.783800433056441093e-01,1.273265315127943553e-01,2.223277362392473422e-01,2.030898917661760061e-01,2.688757971761381316e-01,0.000000000000000000e+00
1.742066818522160498e-01,0.000000000000000000e+00,1.242835043849002674e-01,2.099552049550556798e-01,2.229773303304478371e-01,2.685772784773801103e-01
1.927198434024662843e-01,1.465815419283550414e-01,0.000000000000000000e+00,1.737732687341185522e-01,2.587301777944553960e-01,2.281951681406047261e-01
2.427338439582109320e-01,0.000000000000000000e+00,1.370250771007427426e-01,1.876267648761904827e-01,3.501893701815873006e-01,8.242494388326838950e-02
2.044717330861909321e-01,0.000000000000000000e+00,9.520267304033948330e-02,2.745902638895663661e-01,2.583654455880201040e-01,1.673698843958831284e-01
1.783715457409050242e-01,0.000000000000000000e+00,3.233375377104345111e-02,2.631261138409979883e-01,3.791288036994080457e-01,1.470397829476455531e-01
1.796564477281203664e-01,0.000000000000000000e+00,2.674317994649207386e-01,1.985598292411776822e-01,3.046591254051233544e-01,4.969279816065783062e-02
1.903751996623880283e-01,0.000000000000000000e+00,1.461565411459714581e-01,1.932408933202086343e-01,2.757112010621634579e-01,1.945161648092683659e-01
2.728948109840848568e-01,0.000000000000000000e+00,2.780352871122169361e-02,2.606574396061694388e-01,2.847822184035522231e-01,1.538620022949717392e-01
2.110926470547760114e-01,8.535192940684784013e-02,0.000000000000000000e+00,2.671563111398387313e-01,2.630894433563377710e-01,1.733096690421996044e-01
1.127912685401995796e-01,1.958134729698182350e-02,0.000000000000000000e+00,2.850804075974139873e-01,3.028908895319873951e-01,2.796560870334172666e-01
1.945847349923710556e-01,1.770656191924742384e-01,1.577618426073880975e-01,2.239580595228326254e-01,2.466297436849341218e-01,0.000000000000000000e+00
1.960908970901517889e-01,0.000000000000000000e+00,1.715189827922217469e-01,1.780016272297048618e-01,2.599464801233957734e-01,1.944420127645259400e-01
1.971221274644661126e-01,5.525861424108879233e-02,0.000000000000000000e+00,2.554166782783588441e-01,2.080828811255718280e-01,2.841196988905144161e-01
1.828208424617963068e-01,1.217297786133978155e-01,6.015430617822799253e-02,2.607956104195449099e-01,3.744994623270330170e-01,0.000000000000000000e+00
2.576982139648693049e-01,0.000000000000000000e+00,2.402388288502911931e-02,2.288681162114521161e-01,3.222027511796111687e-01,1.672070357590381695e-01
2.614652918096663781e-01,0.000000000000000000e+00,4.953462321109334057e-03,2.421432230559650844e-01,2.755446251027006688e-01,2.158933977105585156e-01
2.354308899867634530e-01,9.377732917589075290e-02,0.000000000000000000e+00,1.874473346692886178e-01,2.160268021546553618e-01,2.673176440134018561e-01
2.187180360511261634e-01,0.000000000000000000e+00,6.459343537215936348e-02,2.220913511739426582e-01,2.080665515427568002e-01,2.865306258600149869e-01
2.036644117262540743e-01,6.347863645249596232e-02,0.000000000000000000e+00,2.270105923050754482e-01,2.987951168777058242e-01,2.070512426384687188e-01
2.408863163464870782e-01,0.000000000000000000e+00,2.490009284082150137e-02,2.801484082482056936e-01,2.399144482725298899e-01,2.141507342919558021e-01
1.892511698814541565e-01,0.000000000000000000e+00,1.265395887876130387e-01,1.749542955989620840e-01,2.986254632037930179e-01,2.106294825281777028e-01
2.133190216750227575e-01,0.000000000000000000e+00,8.163631832368238583e-02,2.375226049405818329e-01,2.886448033248220080e-01,1.788772517358908909e-01
8.947304814138955231e-02,0.000000000000000000e+00,1.499159368600327114e-01,2.213327061768599058e-01,5.049179080222471194e-01,3.436040079947070419e-02
2.899406551393221010e-01,1.075860658746566750e-01,1.183448376161323340e-01,2.007393403883074023e-01,2.833891009815816542e-01,0.000000000000000000e+00
1.962531697711325795e-01,0.000000000000000000e+00,8.803708581211303064e-02,2.403173076827153087e-01,2.634935596091099730e-01,2.118988771249290248e-01
2.033593729653588589e-01,0.000000000000000000e+00,1.330068677389207310e-01,2.259003015167659334e-01,2.950866180022113094e-01,1.426468397767431673e-01
2.692947037016202305e-01,0.000000000000000000e+00,7.023984689230566847e-02,2.429465429579158731e-01,4.036303790434552230e-01,1.388852740470293556e-02
2.150436477022898973e-01,1.129067598198849921e-02,0.000000000000000000e+00,1.842616792908712831e-01,2.916716196558906127e-01,2.977323773689596886e-01
1.688663958644377183e-01,1.505880372840625314e-01,1.860362312582470035e-01,1.932926116555276352e-01,3.012167239377250838e-01,0.000000000000000000e+00
1.867099781417386473e-01,0.000000000000000000e+00,1.226934467581301674e-01,2.435075367491303377e-01,2.678965946225699835e-01,1.791924437284308502e-01
1.807321073878077056e-01,1.170071766236103483e-01,2.029789389646560471e-01,2.100180333324150883e-01,2.892637436915108107e-01,0.000000000000000000e+00
1.946106521585344307e-01,0.000000000000000000e+00,3.975302012891968745e-02,2.171092711433023348e-01,2.820704519795211862e-01,2.664566045897222013e-01
2.136808102297032830e-01,0.000000000000000000e+00,3.843303147092874683e-02,2.435971450833976093e-01,2.316939407612314261e-01,2.725950724547388515e-01
1.998561717765020840e-01,0.000000000000000000e+00,9.734956584084465681e-02,1.934994930793589585e-01,2.915264437269164399e-01,2.177683255763779024e-01
2.119410630712524335e-01,3.691708663347336578e-02,2.160058724146560194e-01,2.043862248953952077e-01,3.307497529852229667e-01,0.000000000000000000e+00
1.613810492965500332e-01,0.000000000000000000e+00,1.614937683453712414e-01,2.855717246361824113e-01,2.276394127643324716e-01,1.639140449575637315e-01
2.301960361045796710e-01,0.000000000000000000e+00,7.489842569823029761e-02,2.236934120350199395e-01,2.451876277232485357e-01,2.260244984389215839e-01
1.956719827913077081e-01,0.000000000000000000e+00,8.515354842920548617e-02,2.329769852226173110e-01,2.131262572752663509e-01,2.730712262816031299e-01
1.180977594449861973e-01,0.000000000000000000e+00,1.831065647095177495e-01,2.475306541258731619e-01,2.991724103489813436e-01,1.520926113706415894e-01
2.633608798891893810e-01,0.000000000000000000e+00,4.791206079475649610e-02,2.352783000242973654e-01,2.676260468339158871e-01,1.858227124578407941e-01
1.845057792231115656e-01,0.000000000000000000e+00,9.670222616659290837e-02,2.209662243917445423e-01,2.128591288745205479e-01,2.849666413440304358e-01
1.695177837590329528e-01,0.000000000000000000e+00,1.923440062247696591e-01,2.481395044014037266e-01,2.826437799100852688e-01,1.073549257047082539e-01
2.749086713305667340e-01,0.000000000000000000e+00,3.862010582811019332e-02,2.085604534175722335e-01,2.477808023685728611e-01,2.301299670551779086e-01
1.800903769348102257e-01,0.000000000000000000e+00,9.788581067658196078e-02,2.522930742401697235e-01,2.562456617948527526e-01,2.134850763535853513e-01
2.527371440640630018e-01,8.110729658325760427e-02,0.000000000000000000e+00,1.374141256454399773e-01,2.513643869900491490e-01,2.773770467171902676e-01
2.126779539160771337e-01,2.157695768168231987e-03,0.000000000000000000e+00,2.917602997802552500e-01,2.906635125087458915e-01,2.027405380267535695e-01
2.313496159035014488e-01,0.000000000000000000e+00,5.957068253013884235e-02,2.534390231497331558e-01,2.913875558178911640e-01,1.642531225987354793e-01
1.795219597143743462e-01,0.000000000000000000e+00,8.332176684521519494e-02,1.672539414693472448e-01,2.583737081497313182e-01,3.115286238213319514e-01
2.310307326110739301e-01,0.000000000000000000e+00,5.268727309448096446e-02,2.250774820756469285e-01,1.963789242407431024e-01,2.948255879780549704e-01
1.918296746107480966e-01,0.000000000000000000e+00,2.796867216985312113e-02,2.372767824513349888e-01,2.468117392440849489e-01,2.961131315239788897e-01
1.764903935127227763e-01,0.000000000000000000e+00,4.097316030240462370e-02,3.054320394486631507e-01,4.351326339908551666e-01,4.197177274535428271e-02
2.348129209484873248e-01,0.000000000000000000e+00,1.468487759284471950e-01,2.262649322125643014e-01,2.642511012173270890e-01,1.278222696931740621e-01
1.198400450132064282e-01,1.423835215345780336e-01,1.342497784487099166e-01,2.267496805381236935e-01,3.767769744653819974e-01,0.000000000000000000e+00
1.690315536723663303e-01,1.036627447966912696e-01,0.000000000000000000e+00,1.841872900160873294e-01,2.761888792986064711e-01,2.669295322162484885e-01
2.184728525129717436e-01,0.000000000000000000e+00,9.549156635727964679e-03,3.101700853435495064e-01,3.181954028892325925e-01,1.436125026185182119e-01
2.266476935304935214e-01,0.000000000000000000e+00,4.657808127694177541e-02,2.422975189140228747e-01,3.072952639231195104e-01,1.771814423554222140e-01
1.714346997573870934e-01,1.757323228651842262e-01,1.728660711873795941e-01,1.611967161431830109e-01,3.187701900468660754e-01,0.000000000000000000e+00
1.835904186228411450e-01,0.000000000000000000e+00,1.370044404336675237e-01,2.177660322370190693e-01,2.523125920379511444e-01,2.093265166685210066e-01
2.044154788877462214e-01,6.312583707437834091e-02,1.939262578120616864e-01,2.005781539818196346e-01,3.379542722439940472e-01,0.000000000000000000e+00
2.399004600351256067e-01,0.000000000000000000e+00,1.288399284201954265e-01,2.020391783944752717e-01,3.151733697449717320e-01,1.140470634052320603e-01
1.570509245596274639e-01,1.331577731158585520e-01,2.150115459883628066e-01,2.047158171234985946e-01,2.900639392126527771e-01,0.000000000000000000e+00
1.537877814678040578e-01,1.087456753142149041e-01,0.000000000000000000e+00,1.681192222761824784e-01,2.748469081325775054e-01,2.945004128092211237e-01
2.115005934815137323e-01,1.608586789269426248e-02,0.000000000000000000e+00,2.740614109746796201e-01,3.717341945222938926e-01,1.266179331288186383e-01
2.014512706401615505e-01,0.000000000000000000e+00,7.115018671243190929e-02,2.114732577670152547e-01,2.281015410181128911e-01,2.878237438622786026e-01
2.151004620404789736e-01,0.000000000000000000e+00,7.505401140310201391e-02,2.257081818126967232e-01,2.658717711971421149e-01,2.182655735465802160e-01
2.382671840498631066e-01,0.000000000000000000e+00,9.558601858191984046e-02,2.169437451565994768e-01,2.876709425374812112e-01,1.615321096741364204e-01
2.462624091006147264e-01,9.481626022158752554e-02,0.000000000000000000e+00,1.713581212219882077e-01,2.496528665314778628e-01,2.379103429243316914e-01
1.912967339779421405e-01,0.000000000000000000e+00,1.793226846552764819e-01,2.101855361064080552e-01,2.440336867445097868e-01,1.751613585158635078e-01
2.130731886380432816e-01,0.000000000000000000e+00,6.382740571156834963e-02,2.405867994457649706e-01,2.277118895645723617e-01,2.548007166400510504e-01
1.938111077736336951e-01,1.320276489945965484e-02,2.104186435782672282e-01,2.680769282413380528e-01,3.144905555073013725e-01,0.000000000000000000e+00
2.062705792358421053e-01,5.373862738933003758e-02,1.451824424900742538e-01,2.443993196771724608e-01,3.504090312075809899e-01,0.000000000000000000e+00
2.024642416542120349e-01,1.265932774549440865e-01,0.000000000000000000e+00,1.806548818467118012e-01,3.210846592463181826e-01,1.692029397978137839e-01
2.104859784903005127e-01,0.000000000000000000e+00,1.801437330384962898e-01,2.326490099507487475e-01,3.396572519851240313e-01,3.706402653533021063e-02
2.940047947917429072e-01,0.000000000000000000e+00,7.649748487660196217e-02,2.127300015338823291e-01,2.911031548468685504e-01,1.256645639509042511e-01
3.222687987006933596e-01,9.295993178044357694e-03,0.000000000000000000e+00,2.260827607651552940e-01,2.451227839136745634e-01,1.972296634424323958e-01
2.447655474479409898e-01,0.000000000000000000e+00,3.745484196366336699e-02,1.775656042674571278e-01,2.545315417648105760e-01,2.856824645561279463e-01
1.767507289497402267e-01,0.000000000000000000e+00,6.612816117101605329e-02,2.078988970761191379e-01,2.724197644388969830e-01,2.768024483642275713e-01
2.018695876584274962e-01,0.000000000000000000e+00,1.664277111888513294e-01,2.233755806618110684e-01,3.309055456787291516e-01,7.742157481218098214e-02
2.684553614164084112e-01,0.000000000000000000e+00,1.716505228244065082e-02,2.074684292709350064e-01,3.854094058645750609e-01,1.215017511656407284e-01
2.453484847278705194e-01,6.637558804021758893e-04,0.000000000000000000e+00,2.189366544858228070e-01,2.224526157454564390e-01,3.125984891604480786e-01
2.667134093858839483e-01,0.000000000000000000e+00,3.857482435724223641e-02,1.919116532588056867e-01,3.061996328843195614e-01,1.966004801137484215e-01
1.700301868873588529e-01,0.000000000000000000e+00,8.791430750228565461e-02,2.153394814837115978e-01,2.498739513572285353e-01,2.768420727694154149e-01
2.490119061256582111e-01,0.000000000000000000e+00,7.902967557072335114e-02,2.129179631520378424e-01,1.941002081498245657e-01,2.649402470017559463e-01
2.510140489388701934e-01,0.000000000000000000e+00,1.313611160961419833e-01,1.643652057181097526e-01,2.448173018484260111e-01,2.084423273984519764e-01
1.436561467856520558e-01,0.000000000000000000e+00,1.434758438851414242e-01,2.967929865980711845e-01,2.661348664190612556e-01,1.499401563120741354e-01
1.791617439966631253e-01,0.000000000000000000e+00,5.435603725435511624e-02,2.206786732208809165e-01,2.594573754789959441e-01,2.863461700491048978e-01
1.843977924271256452e-01,1.229831253250336237e-01,0.000000000000000000e+00,2.235403716176585232e-01,2.625251306634105442e-01,2.065535799667715666e-01
1.672519139716890646e-01,0.000000000000000000e+00,1.137124356430823380e-01,2.296918170863813113e-01,4.444613493348262834e-01,4.488248396402102353e-02
1.866224834337164018e-01,0.000000000000000000e+00,1.278650547532976522e-01,2.031529388599266905e-01,3.125580816081250934e-01,1.698014413449340787e-01
1.659094348003801456e-01,1.069086572696638510e-01,9.247655215651379157e-02,2.097928927189702808e-01,4.249124630544717784e-01,0.000000000000000000e+00
1.336207312399089464e-01,0.000000000000000000e+00,7.360680919651470082e-03,2.101207915635914247e-01,3.763187811762303547e-01,2.725790151006178830e-01
2.140596946535186507e-01,0.000000000000000000e+00,3.966942810200592417e-02,2.444804099498515959e-01,2.577144227179224978e-01,2.440760445767013176e-01
1.631275034778370825e-01,0.000000000000000000e+00,1.119474743171159220e-01,2.109604170646262877e-01,3.021547184881260284e-01,2.118098866522946655e-01
2.092404303941518551e-01,5.384972284351408761e-02,0.000000000000000000e+00,2.646047989660458288e-01,2.634383878979908999e-01,2.088666598982973910e-01
2.855254582244606820e-01,0.000000000000000000e+00,4.763652691938216610e-02,2.617942900557263530e-01,3.061981188684083643e-01,9.884560593202237899e-02
2.444310531931657982e-01,6.334583655847882133e-02,0.000000000000000000e+00,2.605391080470048082e-01,2.101125595922369305e-01,2.215714426091136002e-01
1.883450825267000972e-01,1.680494591846454222e-01,8.630824238602351900e-03,3.052451641466598087e-01,3.297294699033923027e-01,0.000000000000000000e+00
1.829445886841125635e-01,0.000000000000000000e+00,6.285962253509383424e-02,2.795207524735404125e-01,2.419091069427765084e-01,2.327659293644766536e-01
1.713493210203062278e-01,0.000000000000000000e+00,1.764769327938659760e-01,2.067653305052810087e-01,3.037012911079546851e-01,1.417071245725920747e-01
2.557401891444509578e-01,0.000000000000000000e+00,1.071014565064676016e-01,1.774460965836641424e-01,3.664345494155979988e-01,9.327770834981920223e-02
1.258122201270107654e-01,0.000000000000000000e+00,1.410161790165775919e-01,2.146722083913487067e-01,3.808478346579424190e-01,1.376515578071204060e-01
1.757128655888662572e-01,7.818762099094854479e-02,0.000000000000000000e+00,2.303876942395228500e-01,3.360226024172029424e-01,1.796892167634594473e-01
2.720862568089472133e-01,0.000000000000000000e+00,5.961582647232555043e-02,2.320258339747595377e-01,3.808032758742849189e-01,5.546880686968280738e-02
2.314195484308189388e-01,0.000000000000000000e+00,2.029113680043264853e-02,2.072534876066677856e-01,2.842717969412393852e-01,2.567640302208411551e-01
1.867934596508897815e-01,8.975015996928298323e-02,0.000000000000000000e+00,2.846272675360547177e-01,2.892726873186360903e-01,1.495564255251363439e-01
2.331941076428767634e-01,4.016918357238208337e-02,0.000000000000000000e+00,2.403044219222940092e-01,2.314595330279301533e-01,2.548727538345168520e-01
2.464886906158691438e-01,0.000000000000000000e+00,7.886845522859442514e-02,2.371711127204146341e-01,2.493400375552400072e-01,1.881317038798818730e-01
2.500463249305368563e-01,0.000000000000000000e+00,1.717734547026545863e-02,2.252195646452783417e-01,1.935303929330246253e-01,3.140263720208947285e-01
2.109301673065056282e-01,2.960072361991573919e-02,2.059994643782487589e-01,2.659145728071373727e-01,2.875550718881925705e-01,0.000000000000000000e+00
2.143057738543438229e-01,0.000000000000000000e+00,5.516187129122473304e-02,2.291857607170549871e-01,2.570605085840385051e-01,2.442860855533378339e-01
2.040856428348324092e-01,0.000000000000000000e+00,1.111513083226170068e-01,2.043760170574668578e-01,2.091503460313285379e-01,2.712366857537552023e-01
2.058839709351695246e-01,0.000000000000000000e+00,4.659968396881646047e-02,2.148373828536114249e-01,2.871870664435443032e-01,2.454918957988583561e-01
1.671154646866686022e-01,0.000000000000000000e+00,6.059585857823809180e-02,2.376625081227323188e-01,3.165644551384135252e-01,2.180617134739475937e-01
1.682782356241077082e-01,0.000000000000000000e+00,8.129086303723769003e-02,3.271218828215886054e-01,3.887997960363816508e-01,3.450922248068444970e-02
1.792301657337396770e-01,1.795989647587935556e-01,9.374347119526978134e-02,2.574890246200887134e-01,2.899383736921081756e-01,0.000000000000000000e+00
2.266093216631153984e-01,7.408973359835660522e-02,1.628844279612420010e-01,2.519569745473496103e-01,2.844595422299363574e-01,0.000000000000000000e+00
2.212243212929986269e-01,0.000000000000000000e+00,9.455225677952663887e-02,1.579158590340702939e-01,5.132259366034969128e-01,1.308162628990737139e-02
1.674870957392511905e-01,0.000000000000000000e+00,1.140862912468330465e-01,2.972933605254389211e-01,2.581783374065280134e-01,1.629549150819488146e-01
1.886383832030280316e-01,0.000000000000000000e+00,1.654460350077608388e-01,1.515379046035381927e-01,3.310272526244888991e-01,1.633504245611840378e-01
2.280167711211156800e-01,0.000000000000000000e+00,1.376667848709036690e-01,3.226434981462902862e-01,2.337264651740767474e-01,7.794648068761350634e-02
2.651466863198641000e-01,0.000000000000000000e+00,1.063350752442713265e-01,2.546902699676476534e-01,3.639135348895566335e-01,9.914433578660251933e-03
2.863255378534664830e-01,6.237865064792408841e-03,2.130740229164815314e-01,1.788331709065822395e-01,3.155294032586772879e-01,0.000000000000000000e+00
2.291225618440109468e-01,2.497923720312730887e-03,0.000000000000000000e+00,2.050033942904324613e-01,2.741661611195199133e-01,2.892099590257239949e-01
3.490752678639169604e-01,0.000000000000000000e+00,7.926748953613953208e-02,1.904641514949011183e-01,3.519178291836050354e-01,2.927526192143736425e-02
2.077438620648487388e-01,0.000000000000000000e+00,9.076172040765999316e-02,2.007048060170214532e-01,2.679538448686423768e-01,2.328357666418275074e-01
2.537421475133144755e-01,0.000000000000000000e+00,1.557195475691314224e-01,2.894912491993628101e-01,2.900438380383589254e-01,1.100321767983235971e-02
1.997085093080354090e-01,0.000000000000000000e+00,9.088635577539654065e-02,2.568360030072635580e-01,2.727928056352258435e-01,1.797763262740786905e-01
2.004665684254988700e-01,0.000000000000000000e+00,8.316494505280240535e-02,2.028004796173936142e-01,3.150898184827575776e-01,1.984781884215474634e-01
2.545339811951788933e-01,5.474853284533352099e-02,0.000000000000000000e+00,2.177446835363160138e-01,2.232346816432132508e-01,2.497381207799583558e-01
2.129431115478410408e-01,4.574572925089720465e-02,0.000000000000000000e+00,3.384869011258911931e-01,3.100401195432140877e-01,9.278413853215650153e-02
2.072937877536940587e-01,0.000000000000000000e+00,4.528091641828688174e-02,2.792766806620946562e-01,4.150977914430702964e-01,5.305082372285398890e-02
1.897237610748797876e-01,0.000000000000000000e+00,4.741816695520036096e-02,1.811319834996166500e-01,3.156483700724942443e-01,2.660777183978089155e-01
2.307889227259658504e-01,0.000000000000000000e+00,4.610577506397148945e-02,2.195285261652141495e-01,3.108211451341670872e-01,1.927556309106813748e-01
2.864035984051435113e-01,0.000000000000000000e+00,8.055183344739409723e-02,2.747249434112698507e-01,3.054072600086675804e-01,5.291236472752501585e-02
1.637557967506446943e-01,0.000000000000000000e+00,7.085677834710889245e-02,2.642358002081900969e-01,2.690204686096889231e-01,2.321311560843674626e-01
2.035709825844835008e-01,0.000000000000000000e+00,1.080605651774123183e-01,2.137902555276566252e-01,2.307387254768631102e-01,2.438394712335844317e-01
1.518681214198742968e-01,0.000000000000000000e+00,1.252719522533261853e-01,2.443759808357521546e-01,2.137065367324516019e-01,2.647774087585956782e-01
2.053094290404818556e-01,0.000000000000000000e+00,1.923829582463090493e-01,2.098441572786488574e-01,2.503760118628855502e-01,1.420874435716746598e-01
1.692673507625120088e-01,6.759838373533268163e-02,0.000000000000000000e+00,2.796482724081637561e-01,3.147904399766625061e-01,1.686955531173288947e-01
2.074430636737233380e-01,0.000000000000000000e+00,7.925461542547049265e-02,2.585880198406089736e-01,2.818617203314328634e-01,1.728525807287641936e-01
2.456292468866436707e-01,4.206940689273155204e-02,0.000000000000000000e+00,2.134078506844786782e-01,2.413800557326561957e-01,2.575134398034898409e-01
2.318378393045989472e-01,0.000000000000000000e+00,1.015629348434697321e-01,2.126642189276555517e-01,2.261361378316979198e-01,2.277988690925778492e-01
1.469108950723987395e-01,0.000000000000000000e+00,1.437693344354515346e-01,2.055843509837781413e-01,2.429837263162485383e-01,2.607516931921230463e-01
1.604080996174738205e-01,0.000000000000000000e+00,8.514386676655094632e-02,1.576723959378926732e-01,3.460399380648208068e-01,2.507356996132616977e-01
1.672838836822519160e-01,0.000000000000000000e+00,2.972553992846910242e-02,3.326108354852574944e-01,3.836169207474128262e-01,8.676282015660860547e-02
2.355789992160830237e-01,0.000000000000000000e+00,9.881711885000600548e-02,1.858627829124779307e-01,2.391707365442554134e-01,2.405703624771776961e-01
2.157411662715203737e-01,0.000000000000000000e+00,1.265215491195206821e-02,2.737443898536481846e-01,3.160873970271484978e-01,1.817748919357308757e-01
1.649635924485695626e-01,0.000000000000000000e+00,9.279792456510500831e-02,2.156026988112680343e-01,2.564999534688988669e-01,2.701358307061585418e-01
1.927278500365076919e-01,0.000000000000000000e+00,1.099946011958497782e-01,1.934739887808106518e-01,2.603546659154788445e-01,2.434488940713530059e-01
2.219606534574440904e-01,1.268119595595116472e-02,5.286133616414291636e-02,3.002326617494184280e-01,4.122641526730433936e-01,0.000000000000000000e+00
1.891334222076934690e-01,0.000000000000000000e+00,5.758574851440309561e-02,2.412665669245649958e-01,2.593836156162870332e-01,2.526306467370514341e-01
2.762977510502391265e-01,3.827221081521601370e-02,0.000000000000000000e+00,2.035108601616878177e-01,2.454172223769254813e-01,2.365019555959316511e-01
1.764791426797614193e-01,5.975234053533288320e-02,2.297344150958927078e-01,2.494930262813080113e-01,2.845410754077050686e-01,0.000000000000000000e+00
2.010742125246121059e-01,0.000000000000000000e+00,1.130467934506226707e-01,2.010670089609906397e-01,2.570089140605017475e-01,2.278030710032728223e-01
2.218186910956239655e-01,0.000000000000000000e+00,1.319291344504643360e-01,3.107787055357459916e-01,3.196287685283393243e-01,1.584470038982646600e-02
2.260203657353923867e-01,0.000000000000000000e+00,2.109306084417050808e-01,2.134549982601920692e-01,2.918497441778708512e-01,5.774428338483948014e-02
2.052322636841045489e-01,3.899414957454821334e-02,0.000000000000000000e+00,3.341706426299060895e-01,3.454425108695399760e-01,7.616043324190123476e-02
2.256416783884013233e-01,0.000000000000000000e+00,8.437130123051561625e-02,1.891767492616209523e-01,2.089514619010527929e-01,2.918588092184092320e-01
1.863413980852786089e-01,0.000000000000000000e+00,1.044270246511305456e-01,2.053115174137993826e-01,2.636093850705457098e-01,2.403106747792459197e-01
1.529458160876942807e-01,0.000000000000000000e+00,7.874041352490396273e-02,2.024532331223146409e-01,2.746456083278698834e-01,2.912149289372172878e-01
2.168782752051307272e-01,0.000000000000000000e+00,1.071454337322083478e-01,1.835637689545111251e-01,2.516379140287475780e-01,2.407746080794022081e-01
2.097247425066986470e-01,5.095043897294031232e-02,0.000000000000000000e+00,2.099499397927179489e-01,2.503025689433615031e-01,2.790723097842813805e-01
1.550584674723354262e-01,2.488373033038266541e-02,2.103412585144577296e-01,2.321312019225981738e-01,3.775853417602260675e-01,0.000000000000000000e+00
1.703617324527581800e-01,0.000000000000000000e+00,9.127466598496318528e-02,2.117883745517676608e-01,3.235606060338028223e-01,2.030146209767081655e-01
2.223062397827158532e-01,0.000000000000000000e+00,1.782978348893749510e-01,2.026441688885313452e-01,2.866848026334111732e-01,1.100669538059667468e-01
1.662667515089184533e-01,8.974758760802474533e-02,0.000000000000000000e+00,2.048001665788861669e-01,3.054333109180050743e-01,2.337521833861656573e-01
2.034431991271750395e-01,0.000000000000000000e+00,1.013327810722511463e-01,1.525855123005215863e-01,2.396706650450209919e-01,3.029678424550311666e-01
2.641623038778062038e-01,3.140776569400016011e-02,0.000000000000000000e+00,1.654291905136600904e-01,2.178318537445794734e-01,3.211688861699540376e-01
2.952314493334811663e-01,6.675114568730970699e-02,0.000000000000000000e+00,1.715761537406994830e-01,3.232990948034005219e-01,1.431421564351092468e-01
1.961669892216544586e-01,0.000000000000000000e+00,1.002450659218661888e-01,2.166462662721620747e-01,2.649724011306906490e-01,2.219692774536266289e-01
1.764686544357415843e-01,0.000000000000000000e+00,1.200275907793285773e-01,2.663466690894943367e-01,2.591747119494439699e-01,1.779823737459914346e-01
2.219759254452767783e-01,0.000000000000000000e+00,3.985125185266569919e-02,2.117262929642681757e-01,2.791066398414467353e-01,2.473398898963426462e-01
1.590958630026620690e-01,9.860824580363257430e-02,2.299622130214900861e-01,2.043263635257130395e-01,3.080073146465022171e-01,0.000000000000000000e+00
1.988039252784317423e-01,9.297759583733769539e-02,0.000000000000000000e+00,2.136918062644191374e-01,2.266406980367716151e-01,2.678859745830398653e-01
2.256304563379753214e-01,0.000000000000000000e+00,1.941922401513858087e-01,2.294663005633316433e-01,2.933314240803713835e-01,5.737957886693586390e-02
2.476605892773589279e-01,6.804364426090050988e-02,0.000000000000000000e+00,2.109994709935546497e-01,2.110514468425783996e-01,2.622448486256075406e-01
1.625757597479986494e-01,0.000000000000000000e+00,1.557182925510612326e-01,2.195674343769253856e-01,2.282062329361244923e-01,2.339322803878902124e-01
2.613403580637159163e-01,6.016166959929578756e-02,0.000000000000000000e+00,2.500737876012933403e-01,2.672952786831294669e-01,1.611289060525656902e-01
2.097730131225300498e-01,1.294255790413137430e-01,7.807226802974887025e-02,2.445721240014674669e-01,3.381570158049398978e-01,0.000000000000000000e+00
2.535025157398029805e-01,8.965196247856388467e-02,9.891433621672757193e-02,2.641648678717065657e-01,2.937663176931989972e-01,0.000000000000000000e+00
2.123143578232418449e-01,0.000000000000000000e+00,1.053743540653577920e-01,1.964852379335967902e-01,2.477271760738772588e-01,2.380988741039264112e-01
2.363936527964372314e-01,0.000000000000000000e+00,1.472160795387854604e-01,2.029893532049601157e-01,2.802210300414196276e-01,1.331798844183975095e-01
1.679787309107150794e-01,1.409841509937218192e-02,2.546590302436960163e-01,2.395985801277328298e-01,3.236652436184838666e-01,0.000000000000000000e+00
2.116289613564775740e-01,0.000000000000000000e+00,9.243096915847924533e-02,2.075169669059961086e-01,2.387647024075143787e-01,2.496584001715327628e-01
1.692222138246843033e-01,0.000000000000000000e+00,2.838732579442863196e-02,2.288213843082724519e-01,2.853180753877241904e-01,2.882510006848903461e-01
2.266968344746688735e-01,0.000000000000000000e+00,1.243153675567231914e-01,2.214636437184910600e-01,2.269431437137548468e-01,2.005810105363620144e-01
2.418749378487094204e-01,0.000000000000000000e+00,6.330990507844898307e-02,2.083501149990552026e-01,2.407818728085310001e-01,2.456831692652553800e-01
2.255608509812720708e-01,8.045525428554993475e-02,0.000000000000000000e+00,2.357459426348402498e-01,2.112875898147733855e-01,2.469503622835642898e-01
2.589876205897206907e-01,6.808562015752837870e-02,1.297171836926989952e-01,2.198348105264621433e-01,3.233747650335897506e-01,0.000000000000000000e+00
2.712625116731414709e-01,1.525305136812343115e-02,1.940008036342479592e-01,1.823875712676730765e-01,3.370960620568140276e-01,0.000000000000000000e+00
2.152542125255998140e-01,0.000000000000000000e+00,6.878746629931185852e-02,2.219080075932121920e-01,2.538781648343650943e-01,2.401721487475109995e-01
2.044975566284670254e-01,0.000000000000000000e+00,6.213726269086376069e-02,2.734582928418173853e-01,2.337704467534031383e-01,2.261364410854486695e-01
1.804661749367230394e-01,0.000000000000000000e+00,1.138575857228073668e-01,1.586256001289844397e-01,3.645768359431572625e-01,1.824738032683278777e-01
1.610031237146433425e-01,0.000000000000000000e+00,1.268880989223128142e-01,2.145893826529945148e-01,2.456805289721086527e-01,2.518388657379407869e-01
1.880284708416061212e-01,0.000000000000000000e+00,1.836916535682374674e-01,1.787845206153991229e-01,2.963560558917713306e-01,1.531392990829858469e-01
2.154573684983248083e-01,1.268949074407840494e-01,0.000000000000000000e+00,1.887069043247803224e-01,2.244311711780853091e-01,2.445096485580255385e-01
2.562833578051011973e-01,2.629469342504452481e-02,0.000000000000000000e+00,2.335532603351041236e-01,2.490450770849102491e-01,2.348236113498399225e-01
2.099147589790117674e-01,7.698160672004179805e-02,0.000000000000000000e+00,2.612360705324552890e-01,1.951362348985495876e-01,2.567313288699416551e-01
1.738835300513231208e-01,0.000000000000000000e+00,1.285556695426550711e-01,1.937760035577451301e-01,2.863800737394658902e-01,2.174047231088108156e-01
1.766727116520978580e-01,0.000000000000000000e+00,9.235765672370206680e-02,2.282593865961380086e-01,2.663499556656234724e-01,2.363602893624387191e-01
2.350148901943443502e-01,2.080353722486407916e-02,0.000000000000000000e+00,2.446918982782493868e-01,2.940331380671971084e-01,2.054565362353450997e-01
1.429194084886494520e-01,0.000000000000000000e+00,1.770132419279277503e-01,2.180180345161100153e-01,2.667560469196292305e-01,1.952932681476835242e-01
1.741210981634259969e-01,0.000000000000000000e+00,8.509646262339889966e-02,2.231884892837342205e-01,3.841029061955171242e-01,1.334910437339237033e-01
2.286673806643078066e-01,3.654683273988482833e-02,0.000000000000000000e+00,2.131455014206186105e-01,2.232834650184650493e-01,2.983568201567237121e-01
2.258026236320586078e-01,0.000000000000000000e+00,3.795311657102853203e-02,1.976240765730151172e-01,2.451268353209654638e-01,2.934933479029323000e-01
2.529207275999568183e-01,0.000000000000000000e+00,1.555740484347153431e-02,2.184836187905482840e-01,1.984621879351716189e-01,3.145760608308516559e-01
7.388672592762121627e-02,0.000000000000000000e+00,8.732545911828108742e-02,2.322194167991013802e-01,3.946587088622223738e-01,2.119096892927737896e-01
3.017312267271106130e-01,0.000000000000000000e+00,3.779250168544041194e-02,2.329057891596219010e-01,2.617177340265863794e-01,1.658527484012407571e-01
1.599745584808617560e-01,0.000000000000000000e+00,1.094756054004759477e-01,2.089019740086867361e-01,2.365467214987235778e-01,2.851011406112519131e-01
2.182672745224740751e-01,0.000000000000000000e+00,3.968739686779219900e-02,1.736101531300216771e-01,2.571456805991632621e-01,3.112894948805488560e-01
2.040272665367316718e-01,0.000000000000000000e+00,1.367140540559532158e-01,2.125160707139252536e-01,2.251082963671302561e-01,2.216343123262596027e-01
2.472280515306831405e-01,1.062739285829944307e-02,0.000000000000000000e+00,2.433079266694538612e-01,2.560459534377914625e-01,2.427906755037720354e-01
2.032290344145600003e-01,0.000000000000000000e+00,2.682954822613835277e-02,2.265832618461484371e-01,2.604429607704604743e-01,2.829151947426926106e-01
2.273319087926440052e-01,0.000000000000000000e+00,7.018588057510227740e-02,2.134936380770079689e-01,2.216676400467583741e-01,2.673209325084874299e-01
2.123697136659072893e-01,0.000000000000000000e+00,1.942129875927305072e-02,2.328112232118704772e-01,3.451858495707275654e-01,1.902119147922216869e-01
1.549380702006748212e-01,1.667611712778116484e-02,2.521253335779610194e-01,2.461191294442729438e-01,3.301413496493100785e-01,0.000000000000000000e+00
1.848994458683904663e-01,0.000000000000000000e+00,2.187673385910516577e-01,2.341171392463884671e-01,3.114156331664814648e-01,5.080044312768774301e-02
1.668777411331332783e-01,4.673421866664104196e-02,0.000000000000000000e+00,2.346800550476474123e-01,2.738269753552032837e-01,2.778810097973750115e-01
2.170018550261404444e-01,0.000000000000000000e+00,4.270434180335840046e-02,1.873334395256566753e-01,2.778844056117817929e-01,2.750759580330626730e-01
1.835853215263083538e-01,0.000000000000000000e+00,1.221100224527975897e-01,2.497487064528308431e-01,3.061389540164556888e-01,1.384169955516077188e-01
2.015048275682280732e-01,0.000000000000000000e+00,7.356013024923345467e-02,2.535484056973324463e-01,3.224851587321400093e-01,1.489014777530659750e-01
2.691554927705580025e-01,5.904993941792478773e-02,0.000000000000000000e+00,1.688689789400243113e-01,3.306543436747472753e-01,1.722712451967455261e-01
2.470393049146844822e-01,0.000000000000000000e+00,1.332665567681013130e-01,2.002807552168512084e-01,2.679018156102184745e-01,1.515115674901446330e-01
1.736421582176321532e-01,1.434623352786894117e-02,0.000000000000000000e+00,2.244603683511293135e-01,3.225088993973544427e-01,2.650423405060152171e-01
1.876077237705697509e-01,0.000000000000000000e+00,4.224864453533721392e-02,2.158736802054598836e-01,2.753771520974031550e-01,2.788927993912298509e-01
2.130318168083019104e-01,1.543757666526064942e-01,1.785621938654251839e-01,2.062277575070795843e-01,2.478024651665868550e-01,0.000000000000000000e+00
1.790425936127442441e-01,0.000000000000000000e+00,4.899549945057096040e-02,2.301183857639678698e-01,2.687014826978136872e-01,2.731420384749032593e-01
2.043536474596245600e-01,9.162629709021453961e-02,1.124468212408343271e-01,2.203796819540453644e-01,3.711935522552811673e-01,0.000000000000000000e+00
2.548009492939625753e-01,2.175139764580023838e-02,1.632282735798816220e-01,2.718508657531635286e-01,2.883685137271920773e-01,0.000000000000000000e+00
1.893479914621812032e-01,4.500626600365507241e-02,1.873080622757539726e-01,2.491160345333501835e-01,3.292216457250595196e-01,0.000000000000000000e+00
1.628230787535762947e-01,7.579287214770853709e-02,2.495287983720852754e-01,2.320586194392532942e-01,2.797966312873766404e-01,0.000000000000000000e+00
1.759540340461034080e-01,0.000000000000000000e+00,1.034885182115758973e-01,2.345710954690627403e-01,2.243579663586665329e-01,2.616283859145914770e-01
2.592989458052250562e-01,8.553843007177935887e-02,9.671258892397599505e-02,2.474870890007432600e-01,3.109629461982763021e-01,0.000000000000000000e+00
2.311452105139082114e-01,0.000000000000000000e+00,1.325753308572434341e-01,2.279070430715014750e-01,3.027599396091534278e-01,1.056124759481933961e-01
1.680222532926566870e-01,0.000000000000000000e+00,1.166995754327885132e-01,2.171353410473340073e-01,2.734217062784859986e-01,2.247211239487346968e-01
2.602945444517546503e-01,2.779777464942927157e-02,0.000000000000000000e+00,2.133572676090959852e-01,2.733258487079726073e-01,2.252245645817475272e-01
2.313964018486109053e-01,0.000000000000000000e+00,6.974867490195796327e-02,2.301358246814770303e-01,2.616698642882036574e-01,2.070492342797505825e-01
2.035971776588048066e-01,0.000000000000000000e+00,6.272253259774156209e-02,2.581235641693618299e-01,2.563415222360716506e-01,2.192152033380201093e-01
2.076419885225030404e-01,0.000000000000000000e+00,9.785188463118247096e-03,1.913655940339674399e-01,3.009010916965961790e-01,2.903061372838150467e-01
2.331508964291520436e-01,6.695230115327542586e-02,0.000000000000000000e+00,2.303901003405792181e-01,2.271766528086470449e-01,2.423300492683460872e-01
2.270118828757175522e-01,0.000000000000000000e+00,8.785927309387378537e-02,2.020963979559201318e-01,2.852566704017565624e-01,1.977757756727318850e-01
2.444946336222925398e-01,7.834421002468397455e-02,1.769711994028037860e-01,2.064635622687430727e-01,2.937263946814765991e-01,0.000000000000000000e+00
1.730949299443168832e-01,2.250916481687573537e-02,0.000000000000000000e+00,2.787554031435086066e-01,3.262238253304902136e-01,1.994166767648085647e-01
2.601519732280398456e-01,5.320579790666180031e-02,0.000000000000000000e+00,1.951895105705065692e-01,2.658178652500030603e-01,2.256348530447887801e-01
2.032475986244371702e-01,5.046054146961083398e-02,2.016327063916798223e-01,2.450681046408409447e-01,2.995910488734312427e-01,0.000000000000000000e+00
3.073108408597097774e-01,6.612408400411136367e-02,0.000000000000000000e+00,2.245167422354252817e-01,3.455769715930568364e-01,5.647136130769669221e-02
1.820894286399002693e-01,0.000000000000000000e+00,1.451029055462218775e-01,2.210446013954952826e-01,2.546095135089015415e-01,1.971535509094810290e-01
2.381108700544793955e-01,0.000000000000000000e+00,3.959679394550048165e-02,2.125101880297683155e-01,2.533125839343858265e-01,2.564695640358660156e-01
2.028289310469490736e-01,4.855604633460525871e-02,0.000000000000000000e+00,1.838844533438388495e-01,2.441904160968997872e-01,3.205401531777070101e-01
1.540642786257986341e-01,0.000000000000000000e+00,1.425692185425434799e-01,2.178759422149462999e-01,2.567549625563271265e-01,2.287355980603844596e-01
2.383092007047608041e-01,0.000000000000000000e+00,1.364792049373236144e-02,3.132703932123420132e-01,2.816493434126121631e-01,1.531231421765527068e-01
2.445148195069449526e-01,1.054742593626567387e-01,1.211217661938883416e-01,2.181956052555267256e-01,3.106935496809831720e-01,0.000000000000000000e+00
1.874442703518921227e-01,2.827889934176269771e-02,2.224473615171757568e-01,2.457998850191022988e-01,3.160295837700670130e-01,0.000000000000000000e+00
1.747230260698300064e-01,0.000000000000000000e+00,6.617985231575096439e-02,2.231358730001513913e-01,3.384170239159828841e-01,1.975442246982848649e-01
1.796430751863777875e-01,0.000000000000000000e+00,1.717313566635738642e-01,2.115588944681930650e-01,2.837537547066672494e-01,1.533129189751880062e-01
2.130742491014688822e-01,5.161795063741494993e-03,1.505199579499507667e-01,2.970813249563130087e-01,3.341626729285258612e-01,0.000000000000000000e+00
2.714657205211224444e-01,0.000000000000000000e+00,2.344325277234058508e-02,3.132872609396331609e-01,3.027162408805004201e-01,8.908752488640332701e-02
1.481252334858746966e-01,0.000000000000000000e+00,1.595778459570026953e-01,2.159492525201165691e-01,2.851788356410764891e-01,1.911688323959294111e-01
1.921348687097524655e-01,7.641195816916236672e-02,1.914594661753514504e-01,2.477153344440763405e-01,2.922783725016573353e-01,0.000000000000000000e+00
2.133051136303991402e-01,0.000000000000000000e+00,2.041511636928773632e-01,2.213698366379675542e-01,3.167889107701730711e-01,4.438497526858287828e-02
2.013597963329538387e-01,0.000000000000000000e+00,1.548190851745236407e-01,2.203525595984593133e-01,2.485929034979918462e-01,1.748756553960713334e-01
2.499972917385522575e-01,1.113115860999520645e-01,0.000000000000000000e+00,2.092510031174052154e-01,2.065564596401732456e-01,2.228836594039171060e-01
1.848529118203907085e-01,1.143427155364667852e-01,0.000000000000000000e+00,2.052252056255790269e-01,2.445601624418680953e-01,2.510190045756954813e-01
2.918014075375636729e-01,2.050202233443767716e-02,0.000000000000000000e+00,1.981875008754240275e-01,1.848310012744082964e-01,3.046780679781663781e-01
1.652853541899790835e-01,0.000000000000000000e+00,2.041219316482878188e-01,2.642140650492259546e-01,3.195710206631165451e-01,4.680762844939051481e-02
1.589780052598374904e-01,0.000000000000000000e+00,1.279891635923703919e-01,2.995670239860014350e-01,3.864818800414348554e-01,2.698392712035583077e-02
2.662369712861121229e-01,5.676584436998392824e-02,0.000000000000000000e+00,2.015963485226047180e-01,2.179652552602305005e-01,2.574355805610687442e-01
1.984254429107644713e-01,6.011725727353756793e-02,0.000000000000000000e+00,2.532295465602284468e-01,2.055631509607497298e-01,2.826646022947198467e-01
2.195180306083509281e-01,0.000000000000000000e+00,1.059609061314464307e-01,2.145150015586512193e-01,2.182512257583268667e-01,2.417548359432246108e-01
1.642223515628786490e-01,4.531739317015860734e-04,1.891319433635042513e-01,2.209814013477786609e-01,4.252111297941368884e-01,0.000000000000000000e+00
1.542417349487560096e-01,0.000000000000000000e+00,2.159899946817357697e-01,2.497564069288676358e-01,2.882304911243926959e-01,9.178137231624795833e-02
2.456810488339714049e-01,0.000000000000000000e+00,6.257098952875700393e-02,2.271352284478519445e-01,1.948429215292318550e-01,2.697698116601878193e-01
1.974311288921764551e-01,0.000000000000000000e+00,6.584986306408519008e-02,2.248923495403746808e-01,2.244860550522607967e-01,2.873406034511027940e-01
1.956109696604133863e-01,0.000000000000000000e+00,5.531073261426845689e-02,2.010203196021668193e-01,2.993112529392562560e-01,2.487467251838951510e-01
2.312326854674271182e-01,0.000000000000000000e+00,6.392154337895118721e-02,2.217732086206923303e-01,3.539258142219095515e-01,1.291467483110197989e-01
2.051817540320020616e-01,0.000000000000000000e+00,1.270432303886113723e-01,1.947688521036243237e-01,2.305713358111941280e-01,2.424348276645681699e-01
2.576265337168410774e-01,0.000000000000000000e+00,9.338879579082866311e-02,2.279568456169996371e-01,2.985801154842526728e-01,1.224477093910778525e-01
1.814101373612869439e-01,9.659945322780975202e-03,0.000000000000000000e+00,2.081543764011627995e-01,3.017922951356348804e-01,2.989832457791343212e-01
1.652944987347454431e-01,0.000000000000000000e+00,1.138894712935097364e-01,2.257064879421862569e-01,2.781960193075835863e-01,2.169135227219749218e-01
2.018889206736601272e-01,0.000000000000000000e+00,8.978646668815155885e-02,2.083561157722070012e-01,2.567878390660587873e-01,2.431806577999225394e-01
1.947944065935901803e-01,0.000000000000000000e+00,1.962915381829148098e-01,1.654185674482661350e-01,2.977850854278004666e-01,1.457104023474284082e-01
2.044698627935905011e-01,6.187519186996525561e-02,0.000000000000000000e+00,2.256663556382056679e-01,2.597432602009359659e-01,2.482453294973025748e-01
2.236492049753115718e-01,0.000000000000000000e+00,5.171367274178485796e-02,2.165178054131156049e-01,2.155758606186373993e-01,2.925434562511505798e-01
2.878426049886954607e-01,8.676152521525556938e-02,6.957233623758866947e-02,2.199229221183442440e-01,3.359006114401159593e-01,0.000000000000000000e+00
2.078637963645632025e-01,4.285648348469256463e-02,0.000000000000000000e+00,2.040088447086645662e-01,2.277362303058534099e-01,3.175346451362262012e-01
1.817609876252487822e-01,0.000000000000000000e+00,1.380478367364966208e-01,2.388291105829419281e-01,2.496171028919935697e-01,1.917449621633190160e-01
1.550985966505633307e-01,0.000000000000000000e+00,1.708055097504609099e-01,2.685725386063378961e-01,3.231194700780139484e-01,8.240388491462394271e-02
1.948522081756717816e-01,0.000000000000000000e+00,5.999697462605670106e-02,1.949021565447666970e-01,2.558189788633964956e-01,2.944296817901083108e-01
1.654023635181627871e-01,0.000000000000000000e+00,1.058009500298784378e-01,2.338295652718057616e-01,3.877881098532184878e-01,1.071790113269345673e-01
1.778369140546387506e-01,0.000000000000000000e+00,1.051423606103875884e-02,2.730445181510841035e-01,3.588408983071468827e-01,1.797634334260914679e-01
1.733523258756433094e-01,0.000000000000000000e+00,1.565792011078533663e-01,2.056277668816462734e-01,2.531816473988562910e-01,2.112590587360007044e-01
1.919419505729054176e-01,0.000000000000000000e+00,1.835934138798483439e-01,2.556830588292626216e-01,3.007799179342280360e-01,6.800165878375553918e-02
2.171112327757948046e-01,0.000000000000000000e+00,8.652543608210407078e-02,2.149960157117103143e-01,2.042510900290182008e-01,2.771162254013725401e-01
1.823795204305661000e-01,1.020247379312028690e-01,0.000000000000000000e+00,2.198539422119937525e-01,2.178891170696008461e-01,2.778526823566364601e-01
1.917452673731231683e-01,0.000000000000000000e+00,5.657716432856373795e-02,2.090665138513030097e-01,2.674803442723817093e-01,2.751307101746282013e-01
1.235953466750833035e-01,0.000000000000000000e+00,4.269007288167859376e-02,2.907795928329207635e-01,3.270917625293182640e-01,2.158432250809990127e-01
1.564180226426558351e-01,0.000000000000000000e+00,1.218181959406161724e-01,2.320244360480470114e-01,2.807224142960461077e-01,2.090169310726349983e-01
1.815945286951058946e-01,0.000000000000000000e+00,1.210002967873262114e-01,1.572992856610058998e-01,4.285048207340763082e-01,1.116010681224857137e-01
2.625759235290252014e-01,0.000000000000000000e+00,7.123215081336529975e-03,2.615902291176521177e-01,3.927488042410418045e-01,7.596182803094439495e-02
2.505786791314093542e-01,7.411460460090210645e-02,0.000000000000000000e+00,2.177884880515931487e-01,1.938120860209243679e-01,2.637061421951710227e-01
1.984601837398907997e-01,9.346165325914801425e-02,1.632513706230390160e-01,2.117599356781853237e-01,3.330668566997367908e-01,0.000000000000000000e+00
1.865395525402616383e-01,0.000000000000000000e+00,1.831610578331721584e-01,2.166242036778417701e-01,3.243963717998644136e-01,8.927881414886013056e-02
2.539106101871250742e-01,0.000000000000000000e+00,6.839403733993862367e-02,1.925207144849872265e-01,3.441253717778206545e-01,1.410492662101285877e-01
1.735525139976876463e-01,4.966925558824027837e-02,0.000000000000000000e+00,2.295683667765718583e-01,2.877614883671143486e-01,2.594483752703858337e-01
2.391089135898927243e-01,6.033615659601887504e-02,0.000000000000000000e+00,2.472603921096636626e-01,2.194781316277204519e-01,2.338164060767044528e-01
2.122933450029441116e-01,0.000000000000000000e+00,9.232507597963983403e-02,2.475059587538372408e-01,3.208207276000526464e-01,1.270548926635262921e-01
2.412203682044882225e-01,6.829994034940795045e-02,0.000000000000000000e+00,1.754233774520791156e-01,2.383960846824884627e-01,2.766602293115362765e-01
2.181952918631705207e-01,0.000000000000000000e+00,4.388723343805359112e-02,2.779654694002521298e-01,4.334124243299670720e-01,2.653958096855661350e-02
1.905030058681856098e-01,1.332109525004830652e-01,0.000000000000000000e+00,1.711805943702791322e-01,2.593250237894576538e-01,2.457804234715945668e-01
1.392914453171889833e-01,1.473580621651427169e-01,0.000000000000000000e+00,2.028150891435590297e-01,2.559291285924756854e-01,2.546062747816336680e-01
2.473339340579354395e-01,2.379819321567740870e-02,0.000000000000000000e+00,2.379564680467071980e-01,2.079063694816880581e-01,2.830050351979918055e-01
2.439230557674374467e-01,1.259555831327189082e-02,0.000000000000000000e+00,2.141595516403748956e-01,2.470888441576278849e-01,2.822329901212878300e-01
1.733692754672185032e-01,0.000000000000000000e+00,9.250231550488761945e-02,2.338085402901169951e-01,2.354401153108241773e-01,2.648797534269526910e-01
2.083209520900956291e-01,7.635116742884355545e-02,0.000000000000000000e+00,2.230314494459941510e-01,2.079153594638635250e-01,2.843810715712031256e-01
1.888684397314466523e-01,3.274351018444962569e-02,0.000000000000000000e+00,2.407398566190741551e-01,2.489658639193902956e-01,2.886823295456392713e-01
2.367246460170794597e-01,9.514390647201559359e-02,0.000000000000000000e+00,2.218693995892462301e-01,1.961029724724528411e-01,2.501590754492059032e-01
1.503223844422381661e-01,0.000000000000000000e+00,1.414710050049888812e-01,1.874453091781991265e-01,2.530909940698490290e-01,2.676703073047247416e-01
2.307194747385670208e-01,0.000000000000000000e+00,9.145900306553990389e-02,2.259103255425405354e-01,2.567265209877515608e-01,1.951846756656010207e-01
1.756313433320572381e-01,0.000000000000000000e+00,2.310585531687728983e-02,1.765235005835595894e-01,3.614612144617569411e-01,2.632780863057488929e-01
1.977695369741757914e-01,0.000000000000000000e+00,1.154973763951487320e-01,1.664934466287676107e-01,2.877970821305005922e-01,2.324425578714073570e-01
1.625058768252434505e-01,0.000000000000000000e+00,7.807407283223080641e-02,2.561912290127617564e-01,2.143359024244655686e-01,2.888929189052984459e-01
2.511468780030380321e-01,9.062410276502624873e-02,0.000000000000000000e+00,2.097501900312378487e-01,2.139861223787830335e-01,2.344927068219148092e-01
1.831640165378353169e-01,0.000000000000000000e+00,1.476928381472790985e-01,2.095702764769505344e-01,3.443648518470491249e-01,1.152080169908858559e-01
2.255200166372401116e-01,1.225054479147198311e-01,0.000000000000000000e+00,1.894773744511943081e-01,1.889420182047186481e-01,2.735551427921270040e-01
2.234523548569003204e-01,5.623341298723909948e-02,0.000000000000000000e+00,2.403717845440647705e-01,2.208792816439615059e-01,2.590631659678343524e-01
1.731938878985472552e-01,1.040488051664735514e-01,0.000000000000000000e+00,2.162551914819276777e-01,2.687145685786824778e-01,2.377875468743690379e-01
2.516506498033161954e-01,1.120051785091868979e-01,0.000000000000000000e+00,2.244136832146591543e-01,1.677239456256535421e-01,2.442065428471841826e-01
1.217885618428301425e-01,0.000000000000000000e+00,1.563506968280171106e-01,2.248496022012833329e-01,3.063465436432881717e-01,1.906645954845811730e-01
2.430112928086856361e-01,9.274347314753379756e-02,4.321998865591864664e-02,2.517052173160672091e-01,3.693200280717946482e-01,0.000000000000000000e+00
1.501158676473856035e-01,0.000000000000000000e+00,1.892287567619060640e-01,2.260134264369023926e-01,2.707432712091308313e-01,1.638986779446751918e-01
2.074345660529417767e-01,4.275921691825738946e-02,0.000000000000000000e+00,2.278531782165803821e-01,2.562760120908525452e-01,2.656770267213678371e-01
2.467877459316917266e-01,0.000000000000000000e+00,1.204047157805958612e-01,2.752776493080887343e-01,2.175621484937678707e-01,1.399677404858558072e-01
2.147302710550745009e-01,0.000000000000000000e+00,1.184435947122875754e-01,2.492091571037258479e-01,2.660687689358065544e-01,1.515482081931055214e-01
2.590528341124735956e-01,2.666278993628801858e-02,0.000000000000000000e+00,2.017360932320994282e-01,2.967911233631072010e-01,2.157571593560317080e-01
2.535585583046555680e-01,0.000000000000000000e+00,3.402696723148621039e-02,2.565989496859993890e-01,3.083784807274874140e-01,1.474370440503714741e-01
2.084284300311369520e-01,0.000000000000000000e+00,5.796881476229247265e-02,2.412475381408161479e-01,1.954221000983653311e-01,2.969331169673891102e-01
1.901430976635882231e-01,0.000000000000000000e+00,1.195595384407575207e-01,2.478352509644764223e-01,1.822597007938861202e-01,2.602024121372918386e-01
1.975026395565915860e-01,0.000000000000000000e+00,1.552095543935902433e-01,2.809782477595187400e-01,3.271252795382788570e-01,3.918427875202067090e-02
2.335199681002878003e-01,0.000000000000000000e+00,8.670666997876393112e-02,2.325136562640919835e-01,3.456613773065092543e-01,1.015983283503470447e-01
1.204909306640946087e-01,4.238036652529454662e-02,2.552164118790088421e-01,2.669212719425090308e-01,3.149910189890930412e-01,0.000000000000000000e+00
1.978686390658349059e-01,1.413990498724399525e-01,1.364242758033520631e-01,2.380919320618064272e-01,2.862161031965666513e-01,0.000000000000000000e+00
2.458459538397606836e-01,0.000000000000000000e+00,9.927103630004527335e-02,2.289486924585994454e-01,2.434711253350718974e-01,1.824631920665227558e-01
2.270666762475295197e-01,4.685220587750289073e-02,1.523906613450501657e-01,2.475649309630128525e-01,3.261255255669046060e-01,0.000000000000000000e+00
1.971578822327004765e-01,0.000000000000000000e+00,9.149908338884893411e-02,2.619311433868801164e-01,2.193688190431276608e-01,2.300430719484428677e-01
2.486916712283996911e-01,1.294767219066654713e-02,0.000000000000000000e+00,2.470704177927568468e-01,2.133086805212779935e-01,2.779815582668988538e-01
2.275135186287874089e-01,0.000000000000000000e+00,7.638136208183783638e-02,1.927283805740157008e-01,2.131660996401550101e-01,2.902106390752040022e-01
2.057344165278428838e-01,0.000000000000000000e+00,4.725264496127364738e-03,2.417792778188786185e-01,2.328845315706793984e-01,3.148765095864716757e-01
1.826134022725962314e-01,1.235265724546154159e-01,1.395371410816276803e-01,2.342295863034165315e-01,3.200932978877442103e-01,0.000000000000000000e+00
1.708034642609864706e-01,0.000000000000000000e+00,1.053372842322167630e-01,2.435330748975031989e-01,3.752273616992673477e-01,1.050988149100263030e-01
1.687532947891754176e-01,0.000000000000000000e+00,1.572358179933298350e-01,2.452747453160227242e-01,2.558866465996436079e-01,1.728494953018283875e-01
2.328181606587148011e-01,0.000000000000000000e+00,1.078668529905055656e-01,2.471658784893956129e-01,3.417517838577900924e-01,7.039732400359391407e-02
2.142277113583956616e-01,0.000000000000000000e+00,1.018677878199542169e-01,2.201066425185768394e-01,2.804113872724346423e-01,1.833864710306385704e-01
1.933459709397769566e-01,0.000000000000000000e+00,6.442356991998797466e-02,2.553094410446251628e-01,4.674471878189778717e-01,1.947383027663192670e-02
1.977457049845232628e-01,0.000000000000000000e+00,8.274460019827808988e-02,1.763904935424982223e-01,4.677981363295754536e-01,7.532106494512501305e-02
1.708163263569119905e-01,8.574415239068079730e-03,0.000000000000000000e+00,2.371166841924374213e-01,3.211361786029175991e-01,2.623563956086648608e-01
1.936124692385869372e-01,1.720515408834288884e-01,1.179265719165208115e-01,2.559525601126673711e-01,2.604568578487960195e-01,0.000000000000000000e+00
2.605236257367671837e-01,1.385513950470752646e-02,1.945841932531575114e-01,2.014453244799373210e-01,3.295917170254305528e-01,0.000000000000000000e+00
1.953565720848522425e-01,7.373578933343960529e-02,1.646462735382129422e-02,3.246161276997338585e-01,3.898268835281529232e-01,0.000000000000000000e+00
1.755888018889522895e-01,0.000000000000000000e+00,1.143894701749784970e-01,2.345677841926063212e-01,2.570368775058289312e-01,2.184170662376340721e-01
1.845821122956425031e-01,0.000000000000000000e+00,3.147763723816870973e-02,2.648828186311741884e-01,3.129351555727485357e-01,2.061222762622662019e-01
2.154410609721972014e-01,0.000000000000000000e+00,1.491927136700356427e-02,2.194720313073763029e-01,3.569411228670965608e-01,1.932265134863264677e-01
2.524509541458238582e-01,0.000000000000000000e+00,5.665766660830580392e-02,2.561795923424866617e-01,2.911963818503573997e-01,1.435154050530263736e-01
1.839935135562718871e-01,3.152253445923230979e-02,0.000000000000000000e+00,2.161290960507841197e-01,2.985346174382502160e-01,2.698202384954614397e-01
2.117201170328475157e-01,0.000000000000000000e+00,9.136640209416571623e-02,1.794997085288992655e-01,3.331015807603953660e-01,1.843121915836920255e-01
1.266914859004098469e-02,0.000000000000000000e+00,7.161719701199026344e-02,2.994597853504689100e-01,5.289668679469244905e-01,8.728700110057545369e-02
2.148913101437941453e-01,0.000000000000000000e+00,1.044514931221530857e-01,2.247237307936549022e-01,2.645365512360411397e-01,1.913969147043568242e-01
2.260023313434604830e-01,0.000000000000000000e+00,5.773539747144008222e-02,2.144284013746347861e-01,2.202404144164429034e-01,2.815934553940218077e-01
1.939888161464565219e-01,1.204921558390985303e-01,0.000000000000000000e+00,2.153057913419660074e-01,2.186723716944348472e-01,2.515408649780440653e-01
1.876436644101838469e-01,0.000000000000000000e+00,1.105902649373512459e-01,2.387251151981135688e-01,4.516136426017873240e-01,1.142731285256401962e-02
2.290793572233843500e-01,0.000000000000000000e+00,4.751291683059947341e-02,2.290506050272514693e-01,2.752690022304173367e-01,2.190881186883474885e-01
1.915268116519699693e-01,1.045593753059329695e-01,0.000000000000000000e+00,2.293981433625631450e-01,3.413089542094643880e-01,1.332067154700695144e-01
1.908155141894359030e-01,0.000000000000000000e+00,1.204995139405403010e-01,2.154911216545957464e-01,2.442740857316479663e-01,2.289197644837800971e-01
1.695104905872635015e-01,9.860955332851767396e-02,2.193058207303180684e-01,2.218328901023660926e-01,2.907412452515347190e-01,0.000000000000000000e+00
2.060540158478893769e-01,6.407307523468762367e-02,0.000000000000000000e+00,1.592738989938760619e-01,3.593385883330617592e-01,2.112604215904851368e-01
1.740861998974187475e-01,1.475947588073667736e-02,0.000000000000000000e+00,2.620326984546852978e-01,2.905868478087884066e-01,2.585347779583708205e-01
2.453378490330574979e-01,0.000000000000000000e+00,2.562495246797193843e-02,1.914062212078174730e-01,2.297696629018557146e-01,3.078613143892972026e-01
1.701907303330007504e-01,6.090425410267540085e-02,1.919399413779930008e-01,2.907866471564906075e-01,2.861784270298401434e-01,0.000000000000000000e+00
2.807959224257255415e-01,0.000000000000000000e+00,7.893830902786412584e-02,2.258242624644163643e-01,2.308208182620006266e-01,1.836206878199933001e-01
1.615708875050576587e-01,0.000000000000000000e+00,1.495438699713963482e-01,2.408426706752657964e-01,2.969625599660152826e-01,1.510800118822647475e-01
2.924431048989078463e-01,0.000000000000000000e+00,5.258633601800659363e-02,1.862177085249546726e-01,3.509701042933418558e-01,1.177827462647890039e-01
2.417007286763285523e-01,0.000000000000000000e+00,8.056820791909721780e-02,2.462614221727727482e-01,2.571059361804779453e-01,1.743637050513235920e-01
2.548535686594400884e-01,5.896295951836814930e-02,0.000000000000000000e+00,1.729793172533188594e-01,2.788978631348374981e-01,2.343062914340353908e-01
2.518451196238039591e-01,4.849450234355980049e-02,5.249246571390939892e-02,2.986538087697168664e-01,3.485141035490099126e-01,0.000000000000000000e+00
2.131758446103350080e-01,0.000000000000000000e+00,1.657520332595843471e-01,1.762592183557342429e-01,3.756651921022234331e-01,6.914771167212298286e-02
2.368433303199202478e-01,0.000000000000000000e+00,1.550172702045197332e-02,2.261515691012892515e-01,3.083582591850160259e-01,2.131451143733225084e-01
2.274007403284071804e-01,0.000000000000000000e+00,7.109597345256993273e-02,2.618321228528906475e-01,2.440176608463396901e-01,1.956535025197924937e-01
2.271107334249918563e-01,1.749961537230176195e-02,0.000000000000000000e+00,1.885512508626332184e-01,2.799673889070704025e-01,2.868710114330028094e-01
1.683020567034189674e-01,0.000000000000000000e+00,6.144767438333535725e-02,2.180817378133370066e-01,2.930272367850970672e-01,2.591412943148116432e-01
1.284442330113041153e-01,0.000000000000000000e+00,1.177112608230275331e-01,2.727679539777294604e-01,3.854378880336734037e-01,9.563866415426541812e-02
3.044992705116506548e-01,1.445676105738208199e-02,1.340976452855758283e-01,1.597913878059125659e-01,3.871549353394788118e-01,0.000000000000000000e+00
1.966087102097433814e-01,0.000000000000000000e+00,2.651041542104129456e-02,2.952431062109869275e-01,4.618353143759116874e-01,1.980245378231655640e-02
2.618570056665270318e-01,0.000000000000000000e+00,1.091433558055222297e-01,2.433145822210253106e-01,3.024636104154292959e-01,8.322144589149609029e-02
1.624648694836414997e-01,0.000000000000000000e+00,9.596384420599711473e-02,2.797488889955549451e-01,3.617945557311845750e-01,1.000278415836218793e-01
1.423432527066733344e-01,0.000000000000000000e+00,1.719876369408028516e-01,2.318902706985731255e-01,3.062732081631676651e-01,1.475056314907829957e-01
2.120993756309570988e-01,3.170537410627646824e-02,1.721030209928892662e-01,2.387127356001650935e-01,3.453794936697119899e-01,0.000000000000000000e+00
1.795468402786807860e-01,1.265298691841564571e-01,0.000000000000000000e+00,1.874501168875827017e-01,2.947266217610291505e-01,2.117465518885507936e-01
1.956576780489648337e-01,0.000000000000000000e+00,1.036855156853669878e-02,2.214803779996991073e-01,2.638430288807182555e-01,3.086503635020810266e-01
2.128093654581874883e-01,5.689320540924318326e-02,7.982199067474031462e-02,2.221412406451676591e-01,4.283341978126614102e-01,0.000000000000000000e+00
1.465247398662464784e-01,0.000000000000000000e+00,1.024147731769448066e-01,2.635376804036798082e-01,3.004057237825242810e-01,1.871170827706047646e-01
1.044460931553014005e-01,0.000000000000000000e+00,1.213761942836167201e-01,1.989460044894993951e-01,2.963992919761055389e-01,2.788324160954769870e-01
1.132507239540049698e-01,0.000000000000000000e+00,1.747646736266487699e-01,2.747474845906351937e-01,2.855997418105488128e-01,1.516373760181623787e-01
1.993080238643964441e-01,0.000000000000000000e+00,1.335742609295346439e-01,2.004200448413060998e-01,2.722892727219690667e-01,1.944083976427936900e-01
2.643394408578111365e-01,2.436474328218941887e-02,8.997086764983161511e-02,2.379414342005567728e-01,3.833835140096111260e-01,0.000000000000000000e+00
1.761227902302688886e-01,0.000000000000000000e+00,7.897885368743394474e-02,2.559959553830087331e-01,4.149844530496012429e-01,7.391794764968728781e-02
1.882580360159668564e-01,0.000000000000000000e+00,8.628221820016850063e-02,2.433063196357941327e-01,2.921227749694828568e-01,1.900306511785876395e-01
