7.957190547524070068e-01,8.297690662364661796e-01,5.544888297274767064e-01,-1.034377188521421603e-01,-4.921359052530410727e-01,-4.852379658095214987e-01,2.940352730174569107e+00,2.511801873670862495e+00,-1.473974026831315898e-01,-6.174573598174216693e-01,-7.119272655248443105e-01,6.996835021411249578e-01,-3.950152633334563790e-01,-4.674978220298151577e-01,-7.114032447173117557e-01,7.643250592519190700e-01,5.964630530875605352e-01,-7.391172132758896396e-01,-6.789593224504955060e-01,-6.847815122894383988e-01,-3.791552460545666303e-01,-3.197629224902984735e-01,-4.757015015204117958e-01,-4.497600612440130763e-01,-5.780784355622241577e-01,-2.674123553606858605e-01,-2.094730881036499792e-01,-2.959690413259128405e-01,-2.234576125009643532e-02,-7.860602919628052743e-02,-2.458712435023512610e-01,5.092241992122280569e-01,1.262931721771177185e-01,-2.791570112312657947e-01,-3.770106025241361236e-02,8.166643388164788187e-01,-6.860378895641459085e-01,6.996835021411249578e-01
-6.001273541494167585e-01,-1.362182584567399601e+00,-1.130044736626015789e+00,-5.167340037844301293e-01,-6.793634777306155614e-01,-9.319289874642396887e-01,-1.548550201789852920e+00,-7.484898535377219053e-01,3.807757140783774585e-01,-7.761825168528417862e-01,-1.349828067695191702e+00,-3.296712511478139818e-01,5.448637003132191792e-01,-5.318646946377955098e-01,-8.169989115821332248e-01,-5.305673418629420768e-01,-7.856072699387643965e-01,-1.383417717191889107e+00,2.375014533593398369e-01,-5.517406301812907143e-01,1.167042122217283762e+00,8.597955222642540418e-01,-7.456400021659055355e-01,-7.192155779380229319e-01,-7.871546938147990780e-01,-8.390248909251838416e-01,3.473198086120013461e-01,7.686328988986184108e-01,1.534198467508234076e+00,1.975384432689071490e+00,1.457608632083138733e+00,1.688865727660698424e+00,2.364680674176561581e+00,-8.455343280389637783e-01,-9.096682769662117751e-01,2.737354504369486907e-01,-1.344005188717820820e+00,-3.296712511478139818e-01
-1.365591513869772733e+00,-3.575380779489611416e-01,-1.104028774211289976e+00,-1.108989328877807656e+00,-6.996693619846831025e-01,-7.400621829669723484e-01,-4.262657103855016505e-01,2.093735473494071631e+00,4.696282208078891851e-01,1.325621975073628667e-01,-5.700162668856737502e-01,-3.728496074629957246e-01,-6.494869938453962099e-01,-2.248586256972473774e-01,1.475685664266586317e+00,-2.088766689597987281e+00,-1.931021662941156514e+00,-2.149552634679837912e-02,-3.364909272913768068e-01,2.228611710237991428e+00,1.020778612825582687e+00,2.477426058631155836e+00,1.130854452957271716e+00,1.817452846421849122e+00,2.541803107980044052e-01,3.004527423462224345e-01,-4.680258625413954987e-01,-8.277139730925086036e-01,-1.654495139149939065e-01,-2.472921019026705358e-01,-6.863295686084527336e-01,-7.498226688079896451e-01,-8.182795680664971538e-01,8.311004049220822587e-01,-5.758069552514691880e-01,-8.481387804559692434e-01,5.781915956768288734e-01,-3.728496074629957246e-01
7.957190547524070068e-01,-6.429484491473811403e-01,-8.438691500640324028e-01,-2.182773311092863280e-02,-4.530928544187076135e-01,-5.084075029368210208e-01,-1.472605071594763892e-01,5.129103943252837361e-01,-5.546086755751507003e-01,2.542057434149145867e-01,-2.000470277851117695e-01,-1.912701059573489903e+00,-7.149594618698230652e-01,-5.772385523473150259e-02,1.231696359835795285e+00,-2.535653510438830582e-01,-8.489837052218106583e-01,3.847513068739095154e-01,-2.288521950279039097e-01,1.980095381240229713e-01,-4.667556118630350470e-02,-2.003582899224000402e-01,2.543076136470514559e-01,-8.001453635884893389e-02,1.170507168643434709e-01,-1.880660885958857775e-01,-2.931607202643968790e-01,-3.239389431733464275e-01,2.199221537456227671e-01,1.706949179212895462e-01,-5.285873691724776169e-01,-6.957467824323037009e-01,-5.560652516468987949e-01,-1.076650640863565100e-01,-4.972513501421180204e-01,-3.546200692091961426e-01,3.381035048552357147e-01,-1.912701059573489903e+00
-6.151364553204045071e-01,1.103763022586949472e+00,4.569289706722551303e-01,8.807398472889201857e-01,-5.306628790691291231e-01,-4.142072980148143735e-01,-4.848882641903142776e-01,7.329790601120153015e-01,-4.774578144331938501e-01,-7.287926732189039560e-03,2.407311892929278607e-01,-4.619591756267337757e-01,-7.532460860192693453e-01,-4.995268461904717183e-02,-3.146920884253571193e-01,1.308488046146891071e+00,1.476880884791482051e+00,9.917467352154668569e-01,-6.945375503797478478e-01,-9.108637455538406424e-01,-8.365967271921546100e-01,-1.271895490977302812e+00,-5.353502961555323125e-01,-5.452000915120869262e-01,-4.604630452297153176e-01,-4.661725571410000324e-01,-3.191173199672538985e-01,-4.376875556793590749e-01,-6.548632612004426923e-01,-5.982586896354470385e-01,-1.427844723430329865e-01,-3.855412448576103074e-02,1.543008703093279033e-01,-2.945498442316143994e-01,1.652342529467436816e-01,-6.639403593477971599e-02,-4.037622856206199984e-01,-4.619591756267337757e-01
7.957190547524070068e-01,6.699392583653508426e-01,-3.723298312971281554e-01,-1.425236675625186954e-03,-4.783944474015131565e-01,-5.322565609290024202e-01,-3.136141868442676728e-01,5.376877434993515559e-01,1.224370744601043448e+00,2.941008452616505342e-01,1.327367992104011352e+00,2.661346809183741113e-01,-2.048933476954366006e-01,-1.826671256794873063e-02,9.297932550022340870e-01,-7.611495483189953948e-01,5.484198808050333440e-01,-5.042136750056371852e-01,-7.568097470029655494e-01,4.250673953804714467e-01,-3.559243816165713059e-01,-5.520646759901792766e-01,1.422007966371282350e+00,1.747212062658804577e+00,-7.086688526183304582e-01,-5.904447625304866110e-01,-4.565294977288515410e-01,-7.555700935208712332e-01,5.550714699867227431e-01,8.694719634090265492e-01,-6.951174809824869349e-01,1.226201936872554077e+00,7.024814590542816095e-01,1.708886573967601796e+00,-4.864499544395822772e-01,-1.049037660331918337e-01,4.665091204725094198e-01,2.661346809183741113e-01
-3.074498813151635424e-01,-2.890395888613403463e-01,-3.235499017695174229e-01,-2.316819821597632112e-01,-3.126129260554404432e-01,-2.001577247330031673e-01,-4.498198202522085132e-01,-4.102058474197079474e-01,1.071890611693758100e+00,2.520407755068310718e-01,2.973983279150650416e-01,6.513731730002197962e-01,-5.191458770482212381e-01,-6.236511740841054197e-01,5.929655407867293615e-01,-1.384758593497516510e-01,-3.812153318775993172e-01,-9.896676886129570638e-01,-4.559929969929156224e-01,-1.020457934366573172e-01,-1.688701981241333763e-02,6.072019748611313661e-01,3.971440482492585855e-01,1.134158343989134649e-01,2.755204748467048326e-01,1.435164102541713615e-01,-3.776480538785452201e-01,-5.219042934501694209e-01,-5.298298023595853223e-01,-5.351802905288545187e-01,-4.944490344621231825e-01,-7.428055520122781585e-01,-5.064355619952576326e-01,1.696032739327429928e-01,-7.305108255162164055e-02,6.795619255317213447e-01,9.571676214280706585e-01,6.513731730002197962e-01
7.957190547524070068e-01,-8.370275015623067638e-01,-3.072899252603140119e-01,-5.493779980809156971e-01,5.607006486165924120e-01,7.009248117808809520e-01,-9.133154172456553477e-01,-1.151747533880010943e+00,-1.856223066782933528e-01,7.158223643977180695e-01,-1.211844116786815029e+00,9.410434490179533373e-01,1.137072475600203969e+00,9.778960883551234273e-01,-3.276527598341199554e-01,4.392249228138310757e-01,1.302154972780436293e-01,8.832371143903701427e-02,5.725484015459139098e-01,-4.142772010328052423e-01,1.246379045988258577e-01,1.386772123112151034e-01,-8.400312607922219010e-01,-7.621934063866024900e-01,-8.501103770614522048e-01,-7.188310621253918287e-01,8.512208464991439794e-01,1.714551319140639629e+00,9.847947930077902701e-01,1.137835180637110533e+00,1.070420590925439175e+00,1.241464286139535300e+00,7.282297812847073892e-01,-8.348777513464147315e-01,-7.181889895121682521e-01,-4.681501963702682234e-01,-1.521151676823656596e-01,9.410434490179533373e-01
7.732054029959262165e-01,-1.796006348788997897e+00,-1.541569960277132223e+00,-1.106869588988425690e+00,-5.487458172333564699e-01,-6.401720918915290159e-01,6.282987933436765537e-01,3.613130058165034963e-01,-6.610440409297293485e-01,3.677936630293648368e-01,-1.249017725362201237e+00,-1.264189110384259296e+00,-2.045221044956851308e+00,-2.089300154404816201e+00,-1.094450683248817668e-01,-1.314744591958981745e+00,-1.519537732077876457e+00,-9.329608622923680761e-01,2.992087133319861092e+00,4.100280147683246224e-01,1.439760646491250906e+00,1.586663898337059564e+00,-7.346926495779998456e-01,-7.297068385331889617e-01,-7.429254486887690856e-01,-7.541745555116807775e-01,1.951589780048952116e+00,3.567029827071952930e+00,2.481680739578938866e+00,2.832690833948493747e+00,8.551881670046332928e-01,1.597207610762773733e+00,1.655944128119604564e+00,-8.952650192708592192e-01,-9.621577040165508743e-01,8.181712083759433707e-01,2.201473405044542253e-01,-1.264189110384259296e+00
7.957190547524070068e-01,-2.547903443175298932e-01,-3.087032460385270849e-02,-9.987628546299350818e-01,2.388796378203701387e+00,2.137404709315635198e+00,8.269453930160720889e-02,-7.120776840978232380e-01,1.413798364315171363e-01,-3.097125526905150084e-01,2.088706862703243461e-01,8.354006304942780403e-01,2.342215767619951095e+00,1.410081960980380522e+00,-7.105634955775125272e-01,1.147746416555971566e-01,7.132393469628678373e-01,-5.135946145305293475e-01,-3.806083552240727697e-01,-1.928066358482809564e-02,-3.349335471487914773e-01,-5.230873833008770069e-01,-3.510911336193908161e-01,-3.523785573724455000e-01,-5.117803851588207387e-01,-5.085330611899347986e-01,-1.189620286005430017e-01,-1.773144594632681814e-01,-1.638152173377549134e-02,5.456620767542211259e-02,-2.113335904578091673e-01,2.494689312399798742e-01,1.272930992611651935e-01,-3.916430985415054189e-01,-2.606025897501976218e-01,-7.815336314858639666e-01,-2.782897657074439590e-01,8.354006304942780403e-01
7.957190547524070068e-01,6.128571841256666985e-01,-6.975293614812001497e-01,-9.253668609600774753e-01,6.605784686143015283e-02,2.988629737224276495e-01,-5.595128749716641453e-02,1.246699159226378195e-01,-7.806055614665844411e-01,1.291882521308135023e-01,-9.910625410794779988e-01,-8.230515402375576661e-01,-8.002893379211939440e-01,-4.488805150666099752e-01,-1.725108511909173581e-01,9.268111158981988673e-01,1.294338683248328625e-01,2.142960433753862415e-01,-4.597679817899388288e-01,-4.598627014776672794e-01,-2.414396813887204896e-01,-6.241080087195252091e-01,-4.768505703944647678e-01,-4.618111415209035786e-01,-3.015813346092700575e-01,-4.630106790550538309e-01,-1.585060019794815311e-01,-2.291664799836444222e-01,2.205337185424922075e-01,2.500322639278761416e-01,-1.446550627234161057e-01,-4.831099971066316057e-02,-9.773404546274887250e-02,-2.902082759494646891e-01,-4.010207338831627832e-01,-1.054292166166646671e+00,-8.807184627597797189e-02,-8.230515402375576661e-01
6.156098407005593520e-01,1.206510756218380553e+00,1.757727091408542552e+00,2.321544714601057713e+00,-1.957840443683053488e-01,1.806962840839704543e-01,2.222846049086695697e+00,5.420221732007549642e-01,-2.157820494108999565e-01,-4.307301089344378053e-01,2.352809794334226878e-01,9.142819310415789547e-01,-1.095461763905299257e+00,-4.871668760580786794e-01,-2.285963765311218310e-01,1.253856834467735659e+00,2.151249790064434286e+00,9.169160618954562691e-01,-7.227832252025231385e-01,-6.850187329450000417e-01,-8.345017670062722104e-01,-1.482059034625317517e+00,-5.419207286788715328e-01,-4.766776775774596020e-01,-7.725428188222462911e-01,-7.350261964763297184e-01,-1.965467280426040353e-01,-1.946897877796562870e-01,-5.477252050418128793e-01,-4.944529898730488648e-01,-8.854753622613008301e-02,6.677831061024522841e-01,1.451147549256663061e-01,-2.542916656153180743e-01,5.151566269320663471e-02,1.234551828154041742e+00,7.544364073457823783e-02,9.142819310415789547e-01
2.253732102548874627e-01,3.021720717040331294e+00,1.172367937077213096e+00,2.462419094749580317e+00,-6.631249690973618494e-01,-6.722951725873452800e-01,7.577768129047729451e-01,-2.654401097525630471e-01,1.024485952864105265e+00,-1.761707693845888378e-01,4.758186060209877999e-01,2.652730842380590093e-01,4.446649513177933222e-02,8.833184308969553866e-01,-8.488280571017795539e-01,1.887311862125373274e+00,1.675752409954329725e+00,9.423344374041704441e-01,-8.290588139523817901e-01,-6.428839708830966782e-01,-7.132653403975734996e-01,-1.337252750283808078e+00,-5.146966319919606958e-01,-4.786022948585019199e-01,-8.600049604646244905e-01,-7.589977855240809257e-01,-3.801020327796658105e-01,-6.389305208758419008e-01,-3.766542138962765129e-01,-2.570611452940058661e-01,-2.173741110196352744e-01,1.019843109056533637e+00,1.164381170952611733e+00,2.238464036530659826e-02,-2.321261828980577813e-01,8.159702196726719148e-01,8.700161012941710625e-01,2.652730842380590093e-01
-5.079425129127992239e-02,2.178492303870535052e-01,-4.276137514284203966e-01,3.235573851152782621e-01,-8.421265142238938406e-01,-8.533022314854111778e-01,-7.653152084098449048e-01,-5.981301267605696470e-01,-4.490774134659751282e-01,4.211779840460622149e-01,1.259401613561711604e-02,4.498467795101570438e-02,6.838933969384859424e-01,1.360359627822918860e+00,4.215576749040126914e-01,5.054244063813513321e-01,6.215612101338285900e-01,9.097603050775456834e-01,-3.899770379853194635e-01,-3.771191304263320498e-01,1.147662623867625326e-01,8.431082584141855185e-02,-1.569804629622243708e-01,-2.359365236481915373e-01,-9.758084035907096387e-01,-8.432937716639720138e-01,-2.611069614657766658e-01,-4.039610324899480243e-01,6.635175228404125436e-01,7.344370309575329880e-01,-3.014326347078712942e-01,1.566175979862213907e+00,2.551568969751877081e+00,-2.963524141535869849e-02,-6.575047845651944556e-01,-6.642249721128680173e-01,7.475573190791505451e-02,4.498467795101570438e-02
5.165497729720426312e-01,1.493507412994326822e-01,1.621143288731232479e+00,2.249844512842706035e+00,-8.312932998162602116e-01,-9.673128615811162900e-01,-3.751185300682570167e-01,-5.158551031982177015e-01,-3.250085599104174938e-01,-7.528670476772426901e-02,-2.348787261407694338e-01,2.157169334568444619e+00,1.576176015675882391e+00,1.795132497225705004e+00,-5.223988886242330043e-01,1.087400452701723141e+00,1.219442928534361315e+00,1.603768529971427270e+00,-2.780363247711297170e-01,-5.035280147309100229e-01,-3.465020390675721540e-01,-4.891022709515683853e-01,-7.304078079045382976e-01,-6.930348674011689303e-01,-6.160949043991617025e-01,-6.008512953432095793e-01,2.899084651578045721e-02,4.512304875519621561e-01,-1.282427403282377087e-01,1.661275972507253729e-01,3.214269604798563607e-01,3.856137425732341639e-01,7.449875452012775234e-01,-6.602677687988707245e-01,-7.422941662826185172e-02,1.674878801172597242e+00,1.271823756588514598e-01,2.157169334568444619e+00
-2.860497990500113108e+00,-1.590510881526135512e+00,-2.585099957327032238e-01,-8.000372400003569195e-01,-9.608066366238051659e-01,-1.082728208118721280e+00,2.448435897189613186e+00,2.123711419183795801e+00,-2.290466440734651776e+00,-2.544330580546571685e+00,-1.393932829300286391e+00,5.925721202072962157e-01,-7.225037243396514874e-01,-1.304811115757569695e+00,-2.429248458069721117e+00,-1.248953683970275064e+00,1.093908251611811350e-01,-1.530738944956578473e+00,5.178567774491400488e-01,-7.401868299775488103e-01,2.012893422075875960e-01,-2.044806340927161070e-01,-8.912286767378905239e-01,-7.807506751691379865e-01,-8.029760820064300031e-01,-7.891999534353436596e-01,5.727518060934708721e-01,1.665550151855603289e+00,3.948264692487531424e-01,7.354259232033459881e-01,4.719890286197347073e+00,8.910045514395307231e-01,1.187889227297466155e+00,-9.063162839890581690e-01,-7.447015062365742732e-01,4.634965184474799660e-01,-3.536070187203527393e+00,5.925721202072962157e-01
6.718939700917615498e-01,5.345285657676367153e-02,5.138388884544675683e-01,3.063582915128001266e-02,-2.710329742669730438e-02,-1.017461797424909775e-01,-1.128365522598527626e+00,-1.106192680903901548e+00,-1.854064834425561914e+00,-1.300022387484534914e+00,-8.919316077785472974e-01,-4.313788063660603522e-01,1.173260323678836370e+00,6.933437589298151460e-01,-1.260220852736985364e+00,9.673532573412785274e-01,9.645030293266728671e-01,1.302947776292831650e+00,7.372799626748762769e-01,2.091733874787801706e-01,-5.847241196339724167e-01,-1.011370690311136800e+00,-8.353877105719399454e-01,-7.258467542967151909e-01,-5.828800626962264975e-01,-5.761187065558385223e-01,3.442974806993313042e-01,4.891633245883712511e-01,-1.349967495620221780e-01,-2.042005624908872496e-01,7.032345208619588117e-01,2.339102417125373257e-01,2.890256756630386614e-01,-7.574202263126094126e-01,-2.439095236644604758e-01,-7.321931186744489173e-01,-2.399674928734852219e+00,-4.313788063660603522e-01
5.030415819181538462e-01,1.509045749688705751e+00,3.026005259126422597e+00,-2.054502010286588798e-01,-9.634936752216822775e-01,-9.094737632996167109e-01,-4.445617850377705377e-02,-7.100406890291456330e-01,1.203783453268463255e+00,8.423751327298363567e-02,8.632306809037963991e-01,1.513879486638463889e-01,7.532782502141829317e-01,6.710745920372011009e-01,2.481026957811296452e-01,1.065193294376852284e+00,4.598152684390440252e-04,1.437647240414338945e-01,-8.503256448568319303e-01,-8.170139443858488448e-01,-9.755544779733646976e-01,-6.166476422834004101e-01,-2.336964859161936581e-01,-2.798155681910611814e-01,4.540249545131835873e+00,6.324828816238153628e+00,-3.779824267147860462e-01,-7.216381406736419590e-01,-1.135999409101397406e+00,-1.334615009785832918e+00,-4.710065835390778721e-01,-1.640316604921308485e+00,-1.591694377974523622e+00,2.046318362091773257e-01,7.639145449058931447e+00,-2.399238218865283323e-01,6.358573116600884090e-01,1.513879486638463889e-01
-9.828594340095946347e-01,9.268085924439288803e-01,2.465036069558898646e+00,-5.639512098204180202e-01,-6.759212345563794244e-01,-6.848119671255896712e-01,3.718586806354831520e+00,2.152643414365963181e+00,8.354388471245166592e-01,-6.998466597772643460e-01,1.042939208947364582e+00,6.924171422428309075e-01,-7.689838268861489690e-01,-9.565272136690339266e-01,-6.210850806613902320e-01,8.724946579763735999e-01,1.201262453564724275e+00,-6.647650374608451984e-02,5.514338034470547267e-01,-1.198427058372306231e+00,-3.240320344880036618e-01,-6.649973219014303494e-01,-4.947724989672755425e-01,-5.838484082998093294e-01,2.862547308591832651e-02,1.305251168926966077e-01,-3.238548532379329492e-01,-4.392408302341725412e-01,-6.949644818162920012e-01,-5.357902766351194668e-01,-5.302822747839120582e-02,-5.409583070231912538e-01,-2.163242950516808261e-01,-2.370240644931321250e-01,1.354206067778902733e+00,-9.089852646020903926e-01,6.437992106775141110e-01,6.924171422428309075e-01
-2.738924271015115597e+00,-1.748754403819724745e-01,4.894489236906621743e-01,-9.311961456558784933e-01,-1.264391483394840809e-01,3.432160447048700491e-01,-1.134152354614974989e+00,-5.389345884211242943e-01,5.496221109858082654e-01,1.028052086429585930e-03,1.462815877189555858e+00,8.869054322299073645e-01,1.255881495693235150e+00,5.777955077806927742e-01,1.130187644815586312e+00,-1.087848314902741809e+00,-4.543551440692595311e-01,-1.878395669629982390e+00,-4.535973830559503761e-01,5.214322947711660383e-01,-5.270343988492908194e-01,4.020243499905877815e-01,1.029642179399140378e+00,1.041569303374596966e+00,6.615533969629365796e-01,1.216320819959955557e+00,-4.685280970367019515e-01,-8.302314203562952688e-01,-8.204072695099284829e-01,-9.295457475121634561e-01,-6.899177516095958973e-01,-1.240900929793309571e+00,-8.262032883553807050e-01,7.505840476894896085e-01,6.810827264981497153e-01,5.037276640225334390e-01,-7.890089357681143167e-02,8.869054322299073645e-01
-2.669253081534980754e-01,3.274468129272468664e-01,1.649628414554363699e-03,-1.167282175835817393e+00,-8.254787744767008717e-02,3.144799402496754603e-01,-1.096964298879578248e+00,-6.898438973105004424e-01,-1.317629309378662572e-01,4.454857377194764156e-01,4.147655778833427287e-01,1.503550177323384363e+00,-5.989292846704288298e-01,-3.314628667052086919e-01,-2.584657199652024007e-01,-9.457915843980549964e-01,-1.011714275081676551e+00,-2.123025198979525019e+00,-5.713633552999061033e-02,2.621472205637091601e+00,1.161146562256337028e-03,1.814515992743176653e+00,1.229744665560697392e+00,1.422999228166453634e+00,6.087762273876594632e-01,1.100895895095487687e+00,-4.658148929654776782e-01,-7.249353938205350678e-01,-5.605572946567995984e-01,-5.192712514113856370e-01,-7.032158978748046518e-01,-1.158183603424761454e+00,-9.070081483206221540e-01,1.374664753847212761e+00,2.474557862945312159e-01,1.200074954197257737e-01,6.250054466922485563e-01,1.503550177323384363e+00
-2.860497990500113108e+00,1.663167350135852374e+00,1.855286950463764128e+00,1.897753013466461358e-01,8.478925273260805584e-01,1.650222886259919308e+00,1.787772309603678167e+00,7.967515874160815414e-01,1.602507251291051649e+00,-1.200676395891117493e-01,7.517550078653438828e-01,1.049868108120207477e+00,3.463813243117794816e-01,5.411062206239997119e-01,1.990046320740060382e-02,6.174567265802156646e-01,7.102751021686670718e-02,-6.089879176593325782e-01,-8.212076356930873011e-01,-4.553841559923577642e-01,-4.435633081408800749e-01,-6.295503458881464287e-02,-3.235082093836926798e-01,-2.384137633493806918e-01,1.268670708088632137e+00,1.510898471700297785e+00,-4.456318759346903358e-01,-8.330707657860810800e-01,-1.053513775992828805e+00,-1.223168846583427838e+00,-4.857767636903783659e-01,-1.211646257808561167e+00,-1.173180320156018697e+00,1.386202639192208874e-01,2.045004420209259433e+00,1.949723629508811895e-01,6.887259558895262312e-01,1.049868108120207477e+00
2.779050643533437226e-01,-1.504563251085712546e-02,-6.487494319535893617e-01,-7.300858236507453691e-01,-4.503272682168132923e-02,-2.272962780437399188e-01,9.419626226854560525e-01,-2.733454719611403405e-01,3.013397630581383435e+00,1.767580137937634577e+00,1.950463344048858905e-01,3.274413001509933752e-01,-1.563337727316939541e+00,-1.215867659509151322e+00,1.387610783193951036e+00,-6.220396613413277098e-01,-8.189324165316996806e-01,-3.646308762661317759e-01,-5.653015287758238472e-01,6.081672842773633292e-01,8.747478130766121740e-02,1.122656333257890493e+00,2.113083889852826136e+00,2.752722262240418161e+00,-6.383048244697768492e-02,2.218809446889769832e-01,-3.989346136182387870e-01,-5.363134587836886347e-01,-1.533284355819982125e-01,-2.171482267171716274e-01,-5.741703483013425036e-01,-5.857213669964489444e-01,-9.717884986693063887e-01,1.948856893562780135e+00,-2.959526120494057055e-01,-6.688061584619940936e-01,1.552560065714562842e+00,3.274413001509933752e-01
-1.477240848091038693e-02,7.384377474529716379e-01,1.465047514242877824e+00,-7.650615318255511443e-01,2.945296165770023289e-01,9.755471931674318808e-01,2.339720483944495388e+00,3.167474303540009473e+00,2.757192415269205998e+00,2.339655793944456441e+00,2.977424134537919542e+00,-2.608382355929467766e-01,-2.094511107135907491e+00,-1.463266383053500208e+00,1.428428884011565536e+00,-3.255044599398951854e-01,7.481465574252890161e-01,7.548821815270695401e-01,-7.067700483547380008e-01,2.871585203998103797e-01,-8.582900975453204850e-01,-9.411565048667759337e-01,6.186007837366127582e+00,5.405662276418902401e+00,1.845894922918340786e+00,1.497076081523465163e+00,-5.211580915957474414e-01,-9.550433732540142273e-01,-1.038686907581540142e+00,-1.149382793164945404e+00,-7.361867831638628790e-01,-1.361020320433198538e+00,-1.261690668512990054e+00,6.964157635496869503e+00,2.607658941804987585e+00,-1.109349696653417539e+00,2.049975825978369137e+00,-2.608382355929467766e-01
-6.226410059058984370e-01,-1.579094466678198971e+00,-1.494268210432176058e+00,-9.953182773096890257e-01,-5.666064310694081119e-01,-9.213069966644330533e-01,-1.021428859643532139e+00,-2.761230346295321381e-01,-2.012563981987002482e+00,-2.552634836099346494e+00,-1.360961811254281395e+00,1.033130361205716996e+00,-5.411637025545282809e-01,-2.135959647577825748e+00,-2.386962720131659665e+00,-7.129329197470966051e-01,-1.683372319367803183e+00,-6.319842342043296979e-01,2.534790930813264342e+00,-1.564965510989648978e+00,3.366240015076070513e+00,1.895276702288266613e+00,-9.141198588361432176e-01,-7.886929959632565934e-01,-8.823569863964747517e-01,-9.111897001929618600e-01,2.927632956644289131e+00,4.509289625120251443e+00,5.256737703603036493e+00,5.124034793750966266e+00,2.560167249158671776e+00,3.566049145448832558e+00,3.845716096901905523e+00,-9.311816296050059449e-01,-1.025537794502504596e+00,-6.945440963143574287e-01,-3.089682212785124005e+00,1.033130361205716996e+00
7.957190547524070068e-01,-4.374529818845188101e-01,-3.723298312971281554e-01,-2.433405515513652195e-01,-8.103417429332239186e-01,-9.409025782777876712e-01,-5.836624437705069113e-01,-9.003042144096402577e-01,4.579148619875955117e-01,6.008759175080116144e-01,-7.875495646865353638e-01,-5.408971844865700929e-01,-1.197065511628048862e+00,-1.033136924548042401e+00,3.794587436432048655e-01,2.419816219634107202e-01,2.747215492252393365e-01,-1.023779519005902500e-01,-3.544684775708729640e-01,-2.791710750339447822e-01,-3.147316485483809267e-01,-6.592067422869409832e-01,-5.464983248317704101e-01,-5.587880505009010790e-01,-5.165103779250912464e-01,-5.285109430251048179e-01,-2.675756372126335617e-02,1.777401861807178240e-01,2.161479748925784761e-01,1.758241155033910541e-01,-1.131243403051644530e-01,-1.997239370675240547e-03,8.638627187244198868e-01,-5.935260236614618989e-01,-4.422624265655722420e-01,-5.167871008607148597e-02,3.824236591284134734e-01,-5.408971844865700929e-01
-1.095427692792000141e+00,-1.677690776728562039e+00,-5.837095259167750516e-01,-3.778304770330587758e-01,-6.881389730784547298e-01,-7.080804285904278572e-01,-7.722009602771608971e-01,1.151606805131647260e+00,-1.017320036117751902e+00,-4.854356373703960781e-01,-5.713766957604186070e-01,-2.280302688184329962e-01,-1.336937776230808228e-01,-1.146510737496593491e+00,-1.840039508816613489e+00,-1.387879554983488806e+00,-7.665390542721078893e-01,2.648211163387976796e-01,2.614497320486879328e+00,-1.347665316351974951e+00,-8.997080777037065602e-02,7.970724705287862699e-01,-6.491928806834313948e-01,-6.563893711252802854e-01,-1.132672820437134603e-01,3.554255927955642103e-02,8.477591349603157411e+00,3.815698354038633333e+00,-2.604567014569435582e-02,1.409289835533347468e-01,5.981396718532195678e+00,-6.393092987569282126e-01,-5.834580460174733085e-01,-7.745622448811794181e-01,-4.098582394579647903e-01,-7.818841165808148030e-01,-7.608092916135075212e-01,-2.280302688184329962e-01
-6.113841800276575977e-01,1.655412932655974945e-01,6.303687201037598831e-01,2.142582970690102839e-01,-9.308471939304362452e-01,-1.080901112940238384e+00,-4.430956057161138939e-01,-5.265620119910852104e-01,-3.202236798170534082e-01,-3.171015465354701246e-01,-3.065933217644912778e-01,-6.970912796328625483e-01,6.440917270545158946e-01,1.101361342283532774e-01,-2.490149408788630003e-01,1.185135205819800364e+00,7.552514091828064213e-01,6.554174193372034329e-01,-6.563627611885595181e-01,-1.093785777058715825e+00,-6.467972224312530383e-01,-1.020075936743887413e+00,-4.620090086152304765e-01,-6.043564572359314546e-01,2.121147829113132488e-01,-5.466631906079368053e-02,-2.195830177469277611e-01,-3.372813431846929944e-01,-7.440349464753158726e-01,-8.792327348750318405e-01,-1.721771346515039713e-01,-7.520089527137975294e-01,-2.671568451428840141e-01,-4.057801060056950293e-01,4.467251712552520737e-01,-3.120150361623227897e-01,-4.234832379397268642e-01,-6.970912796328625483e-01
7.957190547524070068e-01,-1.156687117304537216e+00,-1.022728891665272144e+00,1.088651001439154387e+00,1.111200965612888947e+00,2.508787934128171138e+00,-1.075483361090668194e-01,5.792857800881822117e-01,-9.878517354154086050e-01,-9.427054969059062151e-01,-8.882093027612056879e-01,-2.172498313706270334e+00,-9.965463470834080573e-01,-9.596937147102014842e-01,-8.930789174438922284e-01,-7.707048271941890905e-01,-1.569082718126979525e+00,1.585697400513086608e+00,1.055254400589934249e+00,1.451081084916685082e+00,-1.465596957431429537e-01,5.758001090272076850e-01,-2.405183408754839602e-01,-4.086438671315730242e-01,1.420476686216067375e+00,1.333294956183970870e+00,2.070456491064888438e-01,7.693004444333639835e-01,-3.420483701819030387e-01,-4.675685102731415022e-01,-1.347536965972333800e-01,-1.231790628229469720e+00,-1.275427135471043139e+00,-6.284559139314837006e-01,-5.296873144806250010e-03,-4.020145243483376762e-01,-2.381022108371591006e-01,-2.172498313706270334e+00
4.526399620303979410e-02,5.101094504942355057e-01,-3.452298704484557668e-01,-2.890032816684725558e-01,-5.616048000056045320e-01,-7.893445660844591316e-01,-9.082165846813983201e-01,-8.008981379908031162e-01,2.112371929582832486e-01,-9.913453568429182461e-01,6.390187947625723952e-01,-2.056230655401261487e+00,-2.840943173187650550e-01,-1.461173545394840734e-02,4.500163684960387656e-01,-1.054485515815012375e+00,1.875985426946804591e-01,-3.163907480695245522e-01,-4.696888514205642684e-01,1.124738441943937239e+00,-4.736237979915807195e-01,-4.317603316342594200e-01,3.950492879127402435e-01,7.704987684277233573e-01,-5.963345836724868176e-01,-3.767564437531769062e-01,-4.297016052929611418e-01,-7.341361109885166103e-01,-7.777364140446044183e-02,-2.824625521753134638e-01,-6.442725970238716293e-01,9.025115195450250649e-01,5.124447587091509604e-01,4.921949535639800755e-01,-4.147679647772992695e-01,-3.613669072870001053e-01,-2.168637732995696565e-01,-2.056230655401261487e+00
3.454460196227868707e-01,-1.270851265783905060e+00,-1.255788554963856996e+00,-1.607590183608514911e-01,-1.009407225494579174e+00,-1.095658124114270215e+00,-1.588837160462868714e-01,2.174247930934051887e+00,-3.498798164534428629e-02,-6.087158568745643095e-01,-7.877230782618074301e-01,-2.076277852371035682e+00,2.332742601755819281e-02,-6.833190011030064459e-02,-7.199421920815245179e-02,-5.150310337875467770e-01,-2.111956150087238804e+00,2.789241279792570305e-01,9.460196482584390942e-01,-1.666358954225644062e-02,7.743139763589261815e-01,8.777043184885038318e-01,-7.378822193230100135e-01,-6.889990453213663546e-01,9.695749324153509763e-01,4.576081681441325211e-01,7.229897928668901352e-01,1.819947925221692131e+00,2.699280588669545344e-01,-5.131066810385524410e-03,3.834799743356667179e-01,-9.907240167133157804e-01,-6.488941050304199987e-01,-8.281680549103653810e-01,-5.496217535483521877e-01,-4.213388013119244713e-01,-8.792897956185648234e-02,-2.076277852371035682e+00
7.732054029959262165e-01,6.242735989736037938e-01,-1.609501366774816755e-01,-7.417443930423474052e-01,-2.217747564674090455e-01,-2.821101257198483925e-01,-3.999521573455248613e-01,2.451911898383612454e-01,4.074373757551687514e-01,1.188232781202849697e+00,1.705681446928633660e+00,-1.254028479703680699e+00,3.391344892816813283e-01,1.189745188322677949e+00,1.553255077026781006e+00,-6.863280438031186259e-01,1.097724254331287064e-01,3.150211429658709983e-02,-7.085902620685189390e-01,3.552252351833121158e-01,-5.517537475736915553e-01,-3.615711374468192352e-01,1.599544243495777174e+00,1.613887351765978639e+00,-2.640542508853220838e-01,-1.211139658548470860e-01,-4.764133948182094347e-01,-8.323812225524382935e-01,-1.923606765355192205e-01,-3.123495076876387500e-01,-7.228597709357738044e-01,-3.936920727921239260e-01,-1.148031322708221863e-01,1.864591000086512462e+00,-1.997219957904504128e-01,-9.904054401706509081e-01,9.009016801034134270e-01,-1.254028479703680699e+00
7.957190547524070068e-01,-4.260365670365819368e-01,-2.585099957327032238e-01,5.727593058607693965e-01,3.163427046403847198e-01,3.359861397241096226e-01,-9.634324038169671256e-02,-4.560140909005461762e-01,3.472043337931099427e-01,-1.680333047201866048e+00,-7.092456633727390880e-01,-5.515103697884556899e-01,-6.962105004193150926e-01,-3.414036469338380675e-01,-7.243161241414957097e-01,-6.991135429963089010e-01,-1.171071394778851582e+00,4.959279317293274203e-01,-3.734898612074430413e-01,5.573623089439535550e-01,-4.050506548218292813e-01,7.547873467436596595e-01,1.379185726025804470e-01,8.096988570171527455e-02,4.593106044118894782e-01,1.161984676950281736e+00,-3.086594062712286757e-01,-3.388195935453559571e-01,-4.750272546602965495e-01,-4.843445162875497645e-01,-5.688280274326391606e-01,-1.105114723337998761e+00,-1.043461289125669378e+00,-1.088491281633063995e-01,1.547601722654967371e-01,-6.925380680726450633e-02,-3.570535129669438756e-01,-5.515103697884556899e-01
-9.490889563748731161e-01,3.632823430485847271e-02,8.796883599115484786e-01,-1.442427117227488009e-01,-6.714407407733931354e-02,-1.033623493093009521e-01,-8.312179024863822763e-01,-3.432554477066230847e-01,-9.698957480097056827e-01,-1.001092557841436609e-01,-2.355322808618485197e-01,-4.277046161560819036e-03,5.179381833452185724e-01,4.954098786037191005e-01,7.703934094082838246e-01,-9.197941443181344434e-01,1.150740705039072775e+00,8.520034464997958690e-01,-3.211004310791205074e-01,1.203184755775959625e+00,-6.997387131468443267e-01,-1.130265428676341832e+00,-5.090349032837089040e-03,2.129169616292861944e-01,-4.979696074244142623e-01,-3.533015024803967119e-01,-3.893367295721334997e-01,-4.742950997983059747e-01,-4.800361305275583912e-01,-1.393298374337343659e-01,-5.715596113940599743e-01,7.494964363661608120e-01,3.119735207239825447e-01,1.636564797414460579e-02,7.276775943261148960e-02,-9.276015400389940879e-01,-3.161969018962634825e-02,-4.277046161560819036e-03
7.732054029959262165e-01,-1.063769512943516793e-01,1.642493935065904298e-01,1.085736359091254100e+00,-2.240262742738019230e-01,-7.433330196558365910e-02,-6.567827185897598952e-01,8.346703268001840481e-01,6.167753471859486192e-01,5.029595614225433886e-01,4.495663743324506134e-01,1.196671975498985407e+00,2.974754482422065083e-01,8.859029841784668013e-01,5.348235689176835672e-01,1.962258780588617690e-01,1.428956956422846591e-01,-4.848315919700978416e-01,-5.284739345090574414e-01,-9.941366973592463685e-02,-1.835278689966423071e-01,3.620088704173156646e-01,7.424188949627934242e-02,-4.135539078839435556e-02,-3.123026842975540340e-01,-1.715485386622398467e-01,-2.661936195436173658e-01,-3.650112537876792906e-01,-1.243745309187347520e-01,-6.424605298266727882e-02,-4.062046916299891230e-01,-2.333292334978868121e-01,-4.619948443553815731e-01,5.455171445577860351e-02,-2.556928644308631426e-01,1.328091323973472404e+00,1.041192261778248307e+00,1.196671975498985407e+00
7.281780994829638587e-01,-6.071129190260415864e-02,1.009768171985177432e+00,3.891368379430391045e-01,-7.182574267369903342e-01,-4.200513607537034177e-01,1.467628217183624129e+00,1.946011183201522998e+00,4.905016908442288437e-01,9.216566614481780384e-02,5.570155431817408465e-01,1.100549878994658837e+00,6.635423595201287439e-01,-1.737877916762526620e-01,1.049832529306680140e-01,-4.002524695587945658e-01,7.680325672287492689e-02,-8.683163988631236174e-01,-3.840755445004518931e-01,4.168189173531069991e-01,-4.392194879225569393e-01,-1.009295815736016393e-02,3.242427894284293233e-01,2.807224124760044348e-01,1.822005025842594828e+00,1.401382802124009119e+00,-3.203301233438424211e-01,-4.467284589004939521e-01,-8.659830577611004054e-01,-8.656040405571504559e-01,-5.505685589835248583e-01,-1.333362003647375449e+00,-1.313006720971269248e+00,1.644723295992935597e-01,1.479404063421931204e+00,1.481019653737029484e+00,5.712287083285561007e-01,1.100549878994658837e+00
6.606371442135207106e-01,-1.520426106860987281e-01,9.935081954759733547e-01,-3.540969607715833689e-01,-2.115059102097018029e-01,-2.426518433296306620e-01,-4.108125425985585388e-01,-1.088537134795726224e+00,2.500628133309135137e-01,-2.489365619190478940e-01,-1.172084214263977131e+00,1.932342181414833104e-01,1.387551158658720141e+00,2.043409013235353289e+00,-1.183742396521500595e+00,8.086555090810286783e-01,1.058352603147340920e+00,-4.349480552300594854e-02,-1.739999454926046407e-01,-4.880476885590065983e-01,-7.569474748411746390e-01,-9.341114272981716482e-01,-7.096314622537679417e-01,-6.787772550955782913e-01,-4.468563173459692839e-02,-1.885001448959347167e-02,1.459556319212655939e-01,2.237127410853053666e-01,-6.460640658365112143e-01,-6.783783529649921595e-01,2.752287865247612930e-01,-5.396942210485564662e-01,-5.427627375286933065e-01,-6.811467653557539137e-01,4.807659334693041853e-01,-2.023580938236937687e-01,-5.669008341180989397e-02,1.932342181414833104e-01
6.606371442135207106e-01,6.128571841256666985e-01,3.756290881262369097e-01,-5.552072827767164931e-01,-9.084795065692650995e-02,-1.414287629228759002e-01,-5.366407683915533910e-01,-2.981049047189579526e-01,-4.576309877947560764e-03,-6.051936944561725484e-01,-4.262674541559594021e-01,-3.494702495666892617e-01,9.457050102830548699e-01,1.438074105305622297e+00,-8.925367054426034397e-01,4.000192331846321170e-01,1.564047159475498716e-01,-2.743159169641088413e-01,-5.957675507971835760e-01,-2.423652610572150923e-01,-7.400006645939976035e-01,-4.634482778008770509e-01,-5.635488038108492637e-01,-4.591132465192792056e-01,3.340238609005405368e-01,6.640537217462880726e-01,4.112458421178669110e-01,-4.116284566934712008e-01,-7.832627934451339424e-01,-7.665777865892241527e-01,1.103540345520452659e+00,-1.036700093750069884e+00,-1.041497496721996097e+00,-3.535557040662838935e-01,6.879563419452180417e-01,-3.661146822306399762e-01,-6.723783593699285133e-01,-3.494702495666892617e-01
1.315663279362166704e-01,-4.089119447646767380e-01,-1.446901601682779870e-01,-1.381508388406502696e+00,-5.721139526290052180e-01,-6.998210439368487412e-01,-3.198929078992199249e-02,1.055470017452601716e+00,-1.371170437028259026e-01,1.167031488331357281e+00,-1.244669243119951862e-01,9.786748198075084781e-02,1.226713220895449652e+00,1.447973177193209171e+00,4.334012749710667856e-01,-7.944872348777816395e-02,7.838538851533216612e-01,-5.649230237433179314e-01,-2.666250562644986166e-01,1.287629600144764852e-01,-3.653436598216379116e-01,-8.221290377515331205e-01,-2.864527354577445784e-01,-2.592940604437968810e-01,-6.870553048880947422e-01,-7.233878221550916754e-01,-1.085927221235776091e-01,1.968312562264409038e-01,1.764149594187109094e-01,3.729980344915800883e-01,-2.471592010415958607e-01,1.085653790579226730e+00,1.084146459064611934e+00,-3.503981998610842252e-01,-5.178721964833227220e-01,-9.713310460988346939e-01,9.096312455819879350e-01,9.786748198075084781e-02
3.025489503205200728e-02,-1.063769512943516793e-01,-1.006468915156068400e+00,3.949661226388402335e-01,8.522456126308450841e-01,6.255456025104650930e-01,-8.402900499821009950e-01,-1.208544556041660556e+00,6.738447913633583974e-01,1.435173250819822055e+00,-5.377580910087087496e-01,-1.231202624790359357e+00,-6.820700452000584280e-01,-2.582485821329303932e-01,1.393815581828856898e+00,6.031296021953430619e-01,-2.102748931724176401e-02,7.117798114742897031e-01,-5.547473470902182235e-01,-6.915836915332047585e-01,7.412931207344951312e-02,-7.146157387825316509e-02,-1.465037586049726948e-01,-3.927006776315534187e-01,-8.649073837175900170e-01,-8.553737288359276603e-01,-3.147047971630935748e-01,-4.599956546651295386e-01,1.169027074853061565e+00,9.113623977543222621e-01,-4.141119218074603703e-01,1.724826236227671394e+00,6.282844645653602456e-01,-2.053503504347225506e-01,-8.055821001963214822e-01,-1.308082924800687274e-01,1.159436613988182652e+00,-1.231202624790359357e+00
7.732054029959262165e-01,4.758602059504251081e-01,1.123588007549602308e+00,-3.016333985093747616e-01,-2.259048774418268846e-01,7.685486211482875363e-02,-1.082300937317566963e-01,5.054676236475830198e-02,4.988430526280324129e-01,-2.544489749287693336e-01,2.019410954038469430e-01,4.658321466817449963e-01,1.055108287458089711e+00,6.215825360001705491e-01,-1.993792112061401889e-01,-4.348205514785256076e-01,9.413744934818434329e-01,5.540179140701859684e-01,-6.532752523356338825e-01,7.198464441648521062e-01,-7.787878359636851711e-01,-7.726344214114265752e-01,3.665892207047362628e-01,5.668446841488535837e-01,-3.255210775847185156e-02,1.367936030963539384e-01,-3.998919753349194917e-01,-6.395982116504697057e-01,-6.986886776109457742e-01,-6.835715199391733110e-01,-6.124715904068857020e-01,-7.293694844508499253e-01,-3.710639209004941708e-01,4.821961902475144224e-01,5.976173960694639575e-01,-7.909988925377774427e-01,3.563668731138869283e-01,4.658321466817449963e-01
-5.960339629209655543e-01,-1.590510881526135512e+00,-1.293235773591113746e+00,-9.893327158720492676e-02,5.722598174369645241e-01,7.456964011074599386e-01,1.973257403287087097e+00,-4.715718173296001847e-01,-2.331184999888894271e+00,-1.795526454513028058e+00,-1.393932829300286391e+00,-1.528390224986915902e+00,-6.566327642530872533e-01,-1.073711551383981888e+00,-1.409156834202750508e+00,-1.218845663853776129e+00,-1.605354400541818327e+00,-9.954962738616394136e-01,3.961567579590949073e+00,5.193254501432592596e-01,5.452471623986289151e-01,8.936777617422312359e-01,-7.855160600800548121e-01,-7.270031670622616460e-01,-4.156022748887302359e-02,3.289366378173419481e-02,8.355303111280574235e-01,1.541383468464804452e+00,3.377950664414873794e-01,6.869818893854222619e-01,7.130670473503325502e-01,-2.360537096595866635e-01,-2.059406079214314289e-01,-8.895241025341324992e-01,-6.611469080748098026e-01,1.424705136582564702e+00,-2.623369008863816632e+00,-1.528390224986915902e+00
7.957190547524070068e-01,-5.173678858200762010e-01,-1.446901601682779870e-01,-9.065541694418108865e-01,2.283433634438773452e-01,2.497208797306233602e-02,-9.906026417446635035e-01,-1.102039318924346034e+00,-9.122409513775650014e-01,-1.188192114907898445e+00,-1.164540178703260986e+00,1.562417190063514379e-02,1.787744636876700488e+00,2.194893008461945794e+00,-1.572245473848202790e+00,2.305209113229731988e-01,-2.154373795983114404e-01,-5.925741709411432856e-01,-1.224657621588535472e-01,-3.579452961766280139e-01,-6.300530665232807470e-01,2.098567948525678073e-01,-7.040694522034591785e-01,-6.501050139646159520e-01,3.015850070987141640e-01,8.285890058785383427e-01,2.083100624806830670e-01,2.442731854172053019e-01,-6.696831946341154085e-01,-8.014684759518335699e-01,1.545739574846502207e-01,-1.095270003735773878e+00,-9.154539238549562752e-01,-7.239704161387748860e-01,4.699645377667684976e-01,-8.881200431392521910e-01,-1.690484732299249337e+00,1.562417190063514379e-02
2.553914125968620441e-01,-1.596535539180568009e-01,-1.284301836590742707e-01,-2.345966245076637757e-01,2.406181218267771538e+00,3.601729430961931211e+00,-1.584396644195490977e-01,-6.166729263094602453e-01,-3.677128818335135274e-01,1.674902264837193067e-01,8.165484887834336680e-01,-5.702039848167632652e-01,-2.116320588713662687e-01,-1.436431330779783799e-01,-2.299654078675440749e-01,2.936061143184063096e-02,-1.551165529951549493e-01,-1.379078237780377303e-01,-1.787703495416047006e-01,1.416213674734130012e-01,-1.498311453924661418e-01,-3.902397249275284530e-01,3.796639080748255846e-01,-8.274817941625970188e-03,6.171562806348220021e-02,-1.919049616844603345e-01,-2.319841161581969458e-01,-2.062833700759786684e-02,2.631682380369836788e-02,1.238901263188395135e-01,-3.515924448294064919e-01,-5.126335260127112825e-01,-7.179208195654251945e-01,-1.108883496291644816e-01,-2.236159923445446562e-01,-1.936677221432301643e-01,1.675873055712344684e-01,-5.702039848167632652e-01
-1.305555109185822404e+00,-9.055259906499275591e-01,2.618092525618119781e-01,-8.097527144933585053e-01,-4.840401048493064851e-01,-5.200081350329959218e-01,1.593080695842602035e+00,2.281883331397073889e+00,-1.642619060624369021e-01,-5.685757277433796109e-01,8.537889693705326133e-01,3.932937252548326934e-01,-9.293869303908897095e-02,4.179102894869721196e-01,-2.146211854126939489e+00,-6.218508744367342578e-01,-5.493588565685805225e-01,-2.145535570503462885e+00,3.496583191419575076e+00,-7.821366567890957189e-01,1.933662158321225899e+00,-1.104164149318226651e-01,-5.679207463382172083e-01,-5.851356067673364469e-01,9.405892592616724723e-01,4.409015479420228534e-01,2.494417883030073113e-01,4.636029733059159885e-01,-4.297526322076259953e-01,-2.752286880740889563e-01,2.375285099936218280e+00,-7.115871576883930905e-01,-2.322827036805960588e-01,-5.776727212978550741e-01,6.287123230919153816e-01,1.367267408449939214e+00,-1.088969835274060438e+00,3.932937252548326934e-01
5.855916383585847429e-01,3.578905858550782138e-01,-1.934700896958887473e-01,3.405594654780311759e-01,6.150849009102161702e-01,6.236557105921091138e-01,-2.113174274926578333e-02,-5.817999464898481188e-01,1.072534081596852928e+00,1.633190016415760448e+00,3.138041665668185876e-01,1.547386274862457001e-01,5.089567547731896346e-02,-5.716249564700264241e-01,1.371269983579433693e-01,2.902576904596133045e-01,-1.374551048057470193e-01,-7.794864830142348433e-01,-1.338638474949001012e-01,5.193777104242902620e-01,-3.501283311948464871e-01,1.642227118788534002e-01,2.885807788962038156e-01,6.718674166844243456e-02,4.970998135116008743e-01,4.377953070299676064e-01,-3.728624380079131884e-01,-6.612373835907976449e-01,-4.211457393222187151e-01,-2.826994725980344625e-01,-5.793796289816560696e-01,-9.376667627689043716e-01,-1.062063786389994435e+00,4.245717385026196444e-01,2.843769206959261830e-01,1.665127815440396564e+00,1.231099440191115502e+00,1.547386274862457001e-01
-2.034568594633780148e+00,1.317368441054733719e-01,-3.328413169176336894e-01,1.296006985618360030e+00,5.581962654423384684e-01,4.177005760347842767e-01,-1.698629402300602942e-01,-7.408663012547112015e-01,-8.618646472195913288e-01,-1.022223531416721176e+00,8.365303527894661917e-01,1.240598391017823987e+00,2.195982583319023185e+00,1.784871392900964526e+00,-1.576541337723069980e-01,2.709302596829399890e-01,-2.904754983700581494e-01,-9.093967698636931107e-01,-1.616535467431293727e-01,-6.453415814796428229e-01,3.607114108830303256e-01,5.855539813118497694e-01,-3.845058371942780551e-01,-2.895299383239314794e-01,-1.973275905003621100e-01,-2.106233948957728364e-01,-3.511359816597546257e-01,-6.239867416708115844e-01,-5.818986843656004382e-01,-6.100321958587610061e-01,1.544344789638827098e-01,8.646314098433442730e-02,3.122422740228051885e-01,-2.297082400176917172e-01,-2.514845284428621208e-01,2.571115920307930569e+00,-9.375935675037383454e-01,1.240598391017823987e+00
7.957190547524070068e-01,3.731124723189939152e-01,-1.284301836590742707e-01,5.815032329044708126e-01,9.802971721506281710e-02,1.165117171607040619e-01,-4.674757487769834463e-01,-7.124909523818944157e-01,1.972457703289882958e-01,1.088579293383381968e-01,3.349913478718877236e-01,1.096449195124080456e+00,2.262561769931558331e+00,1.808980507263569182e+00,-1.188458941126412149e+00,1.336585240169603228e+00,6.708970131787062030e-01,1.202425695958355467e+00,-6.034754968445699141e-01,-1.039684957397571941e+00,-3.491884990144031864e-01,-4.251385732038449050e-01,-6.722242069276886944e-01,-6.825337364850680988e-01,-5.193961956108902323e-01,-4.464024912660299327e-01,-7.776692901508422406e-02,-5.887836922159614406e-02,-1.474051735304231503e-01,4.191633059415594137e-02,7.965703734844868655e-02,1.078604463296895938e-01,1.685088093829711919e-01,-5.684633340326892270e-01,-2.723859305166003164e-01,-6.422352776370624516e-01,-1.694741614937403384e-01,1.096449195124080456e+00
7.957190547524070068e-01,2.781976005233658622e+00,1.188627913586416396e+00,3.599904144640344583e-01,-2.322572922146223795e-01,4.591345823011454969e-02,-1.316179259867473160e-02,-3.605945138344388012e-01,1.423846821995995882e+00,6.817371373778179366e-01,1.824359214569563292e+00,8.068725791092770617e-04,-1.652010178322841361e-01,6.355448266791353940e-02,-2.351675332898307824e-02,1.620760147991181288e+00,6.194553597034682113e-01,1.839211494839047834e-01,-1.027835790833796059e+00,-1.022042383773597685e+00,-8.223039004004837338e-01,-7.721097963970762201e-01,-9.742515360965835203e-02,-1.602658761631424178e-01,5.754493175108802427e-01,7.258209771496405560e-01,-4.348402257644088942e-01,-7.849185545352822535e-01,-8.507820620714265925e-01,-9.516182113692539524e-01,-5.111866194169715216e-01,-1.165094959689558785e+00,-1.146180443433767460e+00,8.018934910239851055e-01,1.281051160520819243e+00,-2.156851813847880939e-01,8.663658117084066523e-01,8.068725791092770617e-04
-1.590728031434582634e+00,2.245404507380629244e+00,2.001626739046596271e+00,3.064778513315680186e+00,-9.952726831209078862e-01,-1.123788283119460107e+00,-1.486524300606767712e-01,1.642720580906259498e-01,-6.638485679958376906e-01,-1.220538654379223820e+00,5.953229785561187093e-01,9.861195436339798004e-01,-5.333032512984672291e-01,-5.039343874122828026e-01,-5.970928413558783676e-01,1.517797372437873937e+00,1.684057942517127815e+00,1.713486336115811914e+00,-8.900043665880671417e-01,-8.569371401738978822e-01,-6.518088296523675629e-05,-1.096350862433425499e+00,-4.456302759705567662e-01,-4.140515080638475509e-01,-6.912779282197222264e-01,-8.282632732887506011e-01,-4.229411206289610536e-01,-7.821851280045106769e-01,-6.637868054504478810e-01,-6.848819914013517529e-01,-3.412821553018401399e-01,8.338871811827484049e-01,1.999245159301471508e+00,1.273716551881969306e-01,-6.126774178521896680e-02,1.409803029582431977e+00,-1.234264423327814386e+00,9.861195436339798004e-01
3.197161319010943248e-01,-4.162510685954932677e-01,-9.460747166933122232e-01,9.112741956954966138e-01,-3.606159320450660344e-01,-4.201536478525538798e-01,-5.499436129924986094e-01,-4.960727448716147348e-01,7.681564240613510952e-01,2.036332180973607908e+00,-4.243891186072956678e-01,-8.880421402252695051e-01,-1.088189201079325374e-01,-1.000610226752399079e+00,1.485450662683081569e-01,6.954508229652250906e-02,-1.285880585805107001e+00,7.707046002329785983e-01,-1.986760630270606176e-01,3.271115635543362377e-01,3.480723349836066793e-01,1.327246709167566596e+00,-3.490612908252050395e-01,-4.292042917721345940e-01,-2.276264446959920876e-02,7.984884951596979419e-02,-1.927567998028968665e-01,-2.973853909958270036e-01,2.532077695880518009e-01,3.212468301497193104e-03,-3.118971621804790817e-01,-6.348186296085235325e-01,-1.310812664042680653e-01,-4.492675502864001413e-01,-5.309180380461256954e-01,-2.859736690842381024e-01,1.117756866899081380e+00,-8.880421402252695051e-01
7.957190547524070068e-01,4.530273762545518057e-01,3.416958143296143502e-02,-8.105299524527984634e-01,6.728991036248841429e-01,-4.446474118034240974e-02,1.963579312024455570e+00,1.158961690192720217e+00,8.696247735472066864e-01,-4.029095133461462197e-01,5.756752561663410761e-01,6.930106413823498013e-01,8.207203077450769824e-01,1.472178595808416035e-01,-1.438234588875640652e-02,8.797934212337092941e-01,2.093323060927371471e-01,2.456013890627642970e-01,-5.313357376408031074e-01,-7.294404846979506418e-01,3.808202475482870275e-01,-2.451389500107393760e-01,-3.128843600882121878e-01,-4.983949421717631667e-01,-7.301670530412133209e-01,-6.434642877530515337e-01,-2.583795232263806918e-01,-2.820102622441689189e-01,3.041435175414404668e+00,2.026461639062313136e+00,-3.611201543648112078e-01,2.907372131853301234e+00,9.993521520358470411e-01,-2.173883352170463967e-01,-4.825221741841146939e-01,-7.948637479304948572e-01,6.997228853103459878e-02,6.930106413823498013e-01
4.805279301616730558e-01,-4.488693967324554612e-01,-7.300493144996073047e-01,-9.924036349617886277e-01,1.796256590964339928e-01,8.328403291957623411e-01,5.676925347993703186e-01,8.899573594208908256e-01,-1.047413257401996978e+00,-7.864120537269485567e-01,-4.560958204772906366e-01,-8.136728693565917769e-01,-1.109676047310455549e-01,5.122317297370853062e-01,-2.885914571524931804e-01,4.036148122930866000e-01,1.754965629026906671e-01,-3.613358205075503093e-01,1.961462651463004303e-02,-7.691643809182324709e-01,-2.416940032475451416e-01,-5.144334248581001745e-01,-5.386113673315828798e-01,-5.946863859580255873e-01,-5.031159637083225666e-01,-5.999403119625454917e-01,1.183960110532168708e-01,2.826410036342088539e-01,3.251853058063058910e-01,3.931893869808900099e-01,5.723549031905365847e-02,3.097223658870765228e-01,-1.183992087882433653e-02,-5.761597505328635016e-01,-5.591138891657321253e-01,-9.615856133197845379e-01,-1.154329951644303520e+00,-8.136728693565917769e-01
-1.887908234620132797e+00,-1.727507859701377102e+00,-1.676379947335256526e+00,2.177558678864909003e-01,1.196520376166695376e+00,3.509111369199355845e-01,-9.915269365801967494e-01,-1.394996671784467290e+00,-5.900016021614079564e-01,-8.315519185442292738e-01,-1.137791455672727992e+00,6.176869949034800023e-01,-1.336293577334926930e+00,-2.354582966476593597e+00,-1.337726582297027678e+00,-1.037150658971913275e+00,-2.223653531765258151e+00,9.709779075995851327e-01,3.007516699277815952e+00,-1.714111972960019603e-01,3.815966949213744464e+00,3.614020791277385403e+00,-8.020003046551340553e-01,-7.564844391860263695e-01,-6.991302431486338120e-01,-8.135057332151783838e-01,1.009027434056074091e+00,3.154898449012649486e+00,3.542803984094288872e+00,2.797297292011339476e+00,1.030393487744336367e+00,2.556591700805755707e+00,1.567139435878747822e+00,-9.039481558351584178e-01,-1.034571689090080016e+00,-4.511511946223237257e-02,-6.031133953852910734e-01,6.176869949034800023e-01
5.705825371875968832e-01,-8.484439164102436370e-01,-1.136548727229697242e+00,3.774782685514373459e-01,1.239970697573267167e+00,5.147762698030204920e-01,-2.922750423598415304e-01,-9.069278808934054803e-01,-6.872335077007107884e-01,-1.441292865635449338e+00,-4.893931066038229027e-01,6.549427756702127512e-01,6.807586179473259502e-01,1.071837305547642671e-01,-6.890948019929777901e-01,-2.879274932776295093e-01,-1.175080173021710861e+00,5.466293406657819487e-01,-3.016522983117082835e-02,5.996988978351700528e-01,1.412206798402436680e+00,1.490036719804952892e+00,-4.537657998202757059e-01,-4.995038557255089828e-01,-2.094830806101629639e-01,-5.222039179097426320e-01,8.192358604171503036e-03,9.561155953743975811e-02,1.419426890100299321e+00,1.411927770421464112e+00,-2.281230371225523024e-01,1.525300714331498109e-01,4.728620500124171566e-01,-6.166152731619848337e-01,-7.849612538551166141e-01,9.810872816014798437e-01,-9.632219662495493662e-01,6.549427756702127512e-01
7.957190547524070068e-01,-1.862918552299091257e-01,-8.113491970456253588e-01,1.082821716743353146e+00,-6.649447627551440254e-01,-6.168335225976926406e-01,-2.225884918256933465e-01,2.614464087814248328e-01,7.865120419224531645e-01,7.461812740358417795e-01,8.861859548097139605e-02,-2.362673110121496500e-01,-1.540108251702669184e+00,-1.256659083096068219e+00,5.281794044136601807e-01,5.280408154964694178e-01,1.228499013060129069e-01,1.373639534691576181e+00,-9.459811194204983953e-02,-5.291720470231824347e-01,1.163213768578655882e-01,-3.623128088362828625e-01,-5.285161521036867427e-01,-6.008820323473994529e-01,-7.289475492449835059e-01,-7.324209485412884746e-01,-2.887467646312908559e-02,1.071983845295240850e-01,1.163966531042276431e+00,1.324222165364351778e+00,-1.147865196784760844e-01,1.761924252039925420e+00,1.517247822559010695e+00,-5.629377016735896966e-01,-7.358640006617722662e-01,3.158990237083605934e-01,7.327897330727897174e-01,-2.362673110121496500e-01
-1.339861626148080020e+00,-8.141946718664332394e-01,-2.715179769400660748e-01,-1.146296750930933861e+00,-2.904260505811017135e-01,-3.266553751951422613e-01,-1.109293571902694842e+00,-1.003507365758965486e+00,4.505874979054002027e-01,7.587515686740152754e-01,1.571336715810573992e-01,8.044281834192118508e-01,3.741035615899944711e-01,2.745033677404820072e-01,3.948783804033285660e-01,-3.737166455223367989e-01,7.151948293329927209e-01,-1.442418176472996638e+00,1.184618188995408383e+00,-6.857859969952525558e-01,-3.623634093045996485e-01,-5.650446725364777212e-01,-2.116626761405027979e-01,-4.360956724058602796e-01,-5.634913875335633149e-01,-5.866017955771499759e-01,-2.433391367730914912e-01,-2.559440516325142134e-01,9.799671567413091589e-03,6.339459011397743926e-02,-2.991271936873013959e-01,2.720056309035744913e-01,4.175559708250539126e-01,-4.169031321831031534e-01,-3.676346017116886022e-01,-2.923992291583371594e-01,7.447255407437914920e-01,8.044281834192118508e-01
-1.185482299817923968e+00,-1.292097809902249539e-01,-3.885898078063318994e-01,-1.901772047506738339e+00,-4.299167303342584651e-02,-2.602079122875787798e-01,-1.273102705730593254e-01,-9.108720946543532593e-01,-3.552352783223138299e-01,1.096545606427467900e+00,7.205219761748208329e-01,6.669979074167163846e-01,-8.067764098327572242e-01,-1.703673357847085290e-01,6.247444105724357932e-01,5.350553740820899185e-01,4.906527744428734183e-01,-3.060375261080609199e+00,-5.271053751612465588e-01,-4.932949607176322360e-01,-2.927167610395066677e-01,-4.753162824640927431e-01,-1.095728862276601767e-01,-3.524756706926277516e-01,-5.418204405575599569e-01,-5.062389744888976528e-01,-3.716453322105349177e-01,-6.144456710916808007e-01,-4.453255668629650388e-01,-5.982575331316316580e-01,-4.733606967067377491e-01,7.295191543614311380e-02,2.564104770406113731e-01,-1.690390520749259218e-01,-3.047901176242077126e-01,-1.165490053004527127e+00,7.651319378965840690e-01,6.669979074167163846e-01
7.957190547524070068e-01,6.813556732132874938e-01,-6.812693849719966277e-01,5.406982400338639083e-01,1.672889775300906212e+00,1.773907043234997927e+00,3.755594450218903146e-01,-7.996568457199079161e-01,7.894187545754274282e-01,1.459378332369777098e+00,6.528662456723870466e-01,5.185467696915788682e-01,8.637857695066564201e-01,5.285140838512945027e-01,8.163636428597962347e-01,7.582180955990248661e-01,-1.122481376745407822e+00,4.699076009986338787e-02,-7.888372850729233887e-01,-5.752587349972385633e-01,-8.412446831035708117e-02,1.680696276689055413e+00,2.321037007768202154e-01,1.786531576171796754e-01,2.408505326752409526e-01,7.288474116303024219e-01,-3.672025853361947645e-01,-5.918556054436187042e-01,-2.864973781354813731e-01,-3.987281096131948810e-01,-4.702727502264971715e-01,-9.103926137496073379e-01,-9.444038005961379323e-01,3.864843440273980635e-01,-1.643719734912423847e-01,3.120674860345460377e-01,1.351245998563445738e+00,5.185467696915788682e-01
1.653368055709382445e-01,-1.076772213368979436e+00,-1.169068680248104286e+00,-1.510680037915728580e+00,7.270375354095662601e+00,6.115366855985715056e+00,-2.094166254229983537e-01,-9.299921824073642540e-02,-1.535679961510270974e+00,-9.447248271593901014e-01,-1.296832349306189291e+00,1.864683673799794494e+00,4.524755142499338745e-01,-1.476097122726636457e-01,-1.710218824025548479e+00,-7.774086457482121126e-01,-1.897658695627333580e+00,-1.627374506875393090e+00,5.729490856295368362e-01,1.164177789783518824e+00,6.194852700305852444e+00,5.515370716892530334e-01,-5.377529601113228974e-01,-5.160741128207860795e-01,2.764733879678927586e+00,8.449587343183616595e-01,-1.431974260248995712e-01,-1.702729015320075256e-01,-9.982102955729728055e-01,-1.179501476248211000e+00,-1.990530806353318083e-01,1.363739059801051923e+00,-1.382666003445624847e+00,-7.079855510999514268e-01,2.144624321486037488e-01,-8.589518946816753209e-01,-5.873344433576329626e-01,1.864683673799794494e+00
7.506917512394455372e-01,-3.917873224927715392e-01,-3.072899252603140119e-01,-2.812309020740713095e-01,1.569083360614762224e-01,5.153242597340639275e-01,-1.210873032757600332e-01,-7.367388461649646558e-01,3.305564071086939393e-01,-8.758783461211142596e-01,-3.183371026288264738e-01,-5.790812203185077139e-02,5.712454590548967648e-01,2.194925700344645125e-01,4.227760736640145400e-01,-1.274938700966299354e+00,-5.244527037590039908e-01,3.218803251315998093e-01,-1.584019052195624611e-01,1.533162065883256764e+00,-2.063398944333381113e-01,6.288947302607363898e-01,2.691731087720025672e-01,3.886613538974093562e-01,9.030962683116063039e-02,2.402101457574071230e-01,-3.157909419356240144e-01,-4.655030341412214057e-01,-2.230935877633208608e-01,-1.286434540976802432e-01,-6.311562755652692092e-01,-7.636017679893075671e-01,-5.852844962897570946e-01,4.821023223883167015e-03,-1.840108747685802459e-01,-5.342858683921986040e-01,7.290084513091933671e-02,-5.790812203185077139e-02
5.255552336746345254e-01,-1.225185606392158011e+00,-1.120288750720493498e+00,1.093311725445929861e-01,4.646249089345854677e-01,-2.013345061789164336e-01,-4.877027345555686177e-01,-1.146816924121713877e+00,-9.047774037887508225e-01,-3.478063026936704105e-01,-8.045614053105857311e-01,-5.760338992772318090e-01,3.216538243267259567e-01,3.429251586639612236e-03,-2.428240200004876115e-01,-7.511717755540288088e-01,-8.508728790557591459e-01,2.448743525399971199e-02,2.173327797623010760e+00,7.053609891090374395e-01,8.555622741082120619e-01,1.073625416534005339e+00,-6.608461562235011799e-01,-6.217705636544517134e-01,-6.093084822091510144e-01,-6.834430310164273381e-01,7.865738528476673430e-01,1.781681791409334803e+00,1.707688125204966934e+00,1.913770212788814540e+00,3.868198434654102624e-01,6.660901031555308549e-01,9.418000317694908974e-01,-7.857390921529942007e-01,-7.879070890467172461e-01,1.159337077731115828e+00,-3.577157131914641686e-01,-5.760338992772318090e-01
7.957190547524070068e-01,-3.061642111332455451e-01,-2.422500192234995353e-01,-2.580224540352030888e-02,2.972778450709039899e-01,6.677501264723354748e-04,6.612486011624147952e-01,-4.953782319217405750e-01,7.822030110627450350e-01,1.717248493367870887e+00,1.018701773247374431e+00,-2.023876263135673259e+00,9.093679845570835918e-02,-4.642264617345941424e-01,2.067447338759864639e+00,-9.627284191364796628e-01,2.765242999399931678e-01,1.360684674820094309e-01,-5.727941013730271091e-01,7.394045866792984256e-01,-6.194659484258060456e-01,-1.004337520049114252e+00,1.946133011698038651e+00,1.735048336871874541e+00,4.866785714964107501e-01,-3.374145691905305194e-02,-4.564903967026481268e-01,-7.675933468845393959e-01,-4.922689542118620087e-01,-6.818815735694793156e-01,-7.010049949167483918e-01,-7.808752846519824153e-01,-4.848086442205576385e-01,1.329788725330811605e+00,1.316844632646248792e-01,-4.684985179769785568e-01,8.363567834698535375e-01,-2.023876263135673259e+00
-1.273406672633149439e-01,1.332091319545685160e+00,-1.609501366774816755e-01,-1.313544228203187059e+00,-2.144837871569365007e-01,-2.215552494137925099e-01,9.147303289840795493e-02,-5.266336164006018422e-02,1.740026298510670144e-01,7.931128788498407189e-01,6.904498769718862006e-01,-1.125896929634487009e-01,6.869103271527464694e-01,5.366870500118660070e-01,8.604424942891262251e-01,3.657876654836372116e-02,1.843259458809068385e-01,-9.614899446924022319e-01,-7.594923623430659410e-01,8.217588331554084857e-02,-4.844364015925547648e-03,-2.046364790034425896e-01,1.790940130058709390e-01,6.506263772640468179e-01,-3.849121368550754152e-01,-4.344287410768661317e-01,-2.997554229789634594e-01,1.591948744994875764e-01,-2.741651681337206048e-01,-3.378595103932689470e-01,-4.456028256406200927e-01,2.030867112786887418e-01,3.520576774808646947e-01,8.524135583071802413e-01,-3.519234806898183798e-01,-8.913003708526952007e-01,4.327827897863316675e-01,-1.125896929634487009e-01
-2.399089260457204498e-01,-7.685290124746858575e-01,-5.105396316253588695e-01,-5.464633557330150770e-01,4.613512487175439603e-01,3.840530604915934898e-01,-7.089490407707005337e-01,-7.160959345495874206e-01,-7.900641491431303898e-01,-1.136042100176720915e+00,-1.258306444109778877e+00,1.084156498221628073e+00,-4.111455018540247086e-01,3.870186412016021760e-01,-2.137237241362918372e+00,4.185731815848372506e-01,-6.201828048056291509e-01,8.573189636628935073e-01,1.888100398452822459e-01,-2.809198577452334256e-01,5.337205780718351500e-01,9.737381768676800498e-01,-6.539238108656887372e-01,-6.878656108348495390e-01,7.377841255412677379e-02,-2.699108290729076640e-02,3.785922315335217281e-01,5.444128037566615674e-01,1.647678310822990044e-01,4.838115596399118756e-02,5.857621651804041374e-01,1.858160513353877830e-01,-5.342174154867811442e-01,-7.065054710037640406e-01,-3.337574970082808901e-01,-9.314747248614371200e-01,-1.466621146132329745e+00,1.084156498221628073e+00
6.606371442135207106e-01,5.101094504942355057e-01,-1.284301836590742707e-01,4.736614660321532000e-01,-9.884680578256378747e-02,-2.868383180809623567e-02,1.708126165372423566e+00,1.867680297748609997e+00,3.207469155374665370e-01,-4.028584622594137687e-02,-1.327076303567382987e-01,1.344040473602278407e+00,2.082572846309968195e+00,1.264695099635681164e+00,-6.917477189857554887e-01,1.227783544521098946e+00,6.232102264463054153e-01,8.188290704758495187e-01,-4.967148842982749835e-01,-8.970161525858579843e-01,-1.304959382912464216e-01,-6.683643952541943323e-01,-6.376598486720256309e-01,-6.408797961976989699e-01,-6.529438101362112779e-01,-5.772794372545307917e-01,-4.732464281207225676e-02,1.693716059112297112e-01,5.762248182307747602e-01,9.751732098752128319e-01,1.093261218120708811e-01,1.160577707044376794e+00,1.097572701836244891e+00,-5.139963864929942838e-01,-4.029846240108966304e-01,-6.852151350215914816e-01,-3.130749639149981167e-01,1.344040473602278407e+00
-1.005373085766075425e+00,2.665592670715841717e-01,5.870087827458837504e-01,1.479213076057818821e+00,-7.874434609294165277e-01,-8.539906215303687542e-01,3.305469156769200167e-01,6.621255037199686999e-01,9.221808391954758322e-02,-2.926615230895368014e-01,8.510359433615215241e-02,-3.864989512176627562e-01,-6.223694525644978270e-01,-6.840521675112009037e-01,-4.296127298936850414e-01,9.960260043362453297e-01,6.147741254498225727e-01,1.342399877758323701e+00,-5.282505499477528899e-01,-8.363570959679632599e-01,-4.937336684871505010e-01,-5.554035329766308093e-01,-4.762590304715686451e-01,-5.697052700406944892e-01,-2.426720097646732355e-01,-2.050025323178638059e-01,-3.097419257141119653e-01,-5.182173600775160649e-01,-6.687707272251340873e-01,-7.279511182588923601e-01,-5.520607589158441075e-02,7.157158850955602260e-03,3.983747814391954689e-01,-3.432280340617765435e-01,9.322494826317172245e-02,2.351313201349788107e-01,-3.653588928749580411e-01,-3.864989512176627562e-01
4.805279301616730558e-01,-1.179519947000410740e+00,-1.038988868174475666e+00,5.057225318590581331e-01,-1.624571245352446347e-01,-1.866350039279278950e-01,-6.663198887634773637e-01,-9.710829611820950280e-01,-1.237543172304434558e+00,-9.745283630656089713e-01,-1.233177091729735997e+00,9.571869408288856684e-01,-7.284572485248950180e-01,-5.322338643081876014e-02,-1.447202511313975481e+00,-6.183297490994686674e-02,-5.384427691760661494e-01,5.470883841322359276e-01,2.699101304625118325e-01,-4.084398571025136260e-01,8.700995936273542286e-01,1.357272266151229090e+00,-7.430705357941035372e-01,-7.308247856300906786e-01,-7.927872287081959568e-01,-7.151728391234857263e-01,9.813003595932118239e-01,1.295171080748385162e+00,1.717670148514990114e+00,2.436560612574266038e+00,1.121153355447632505e+00,1.018403018992614761e+00,9.690886655918263815e-01,-8.123805338843668178e-01,-8.055821001963214822e-01,-2.007755021758138858e-01,-1.764489885101282240e+00,9.571869408288856684e-01
-4.290236008001609425e-01,7.795368409055442038e-01,-2.910299487511103234e-01,-9.959012057792692163e-01,3.383473279760738084e-01,3.110137796795524601e-01,-8.611943805390600559e-01,-8.065758309324634334e-01,7.377782171991428273e-01,-2.286883582984627628e-01,4.801303397836247377e-01,-2.529234148275182559e+00,-4.166408980858518629e-01,1.856904049647953026e-01,-1.755464740045347138e-01,1.480777086119260177e+00,-5.920311636212800543e-01,-6.139188123837157063e-01,-7.790748134695978377e-01,-1.340859740517471366e+00,-7.120805495799092943e-01,-7.762375130109647747e-01,-6.070922862187425606e-01,-6.168374015558049095e-01,3.926246634255881607e-01,5.910845894541824075e-01,-2.430369542552120732e-01,-3.518757906047970119e-01,-6.723347401925825473e-01,-8.413177628381006690e-01,9.501813605866062107e-02,-1.109735392764964468e+00,-1.126671516846880383e+00,-4.165873817625831421e-01,2.026790913822010820e-01,-9.611858006929516751e-01,-2.078754906463106400e-01,-2.529234148275182559e+00
7.732054029959262165e-01,-6.543648639953177915e-01,-5.511895728983678966e-01,-2.580224540352030888e-02,4.040737001508837856e-01,1.121437429735761437e+00,1.173647200057551659e-01,1.051266474091402392e+00,-3.756377898138272831e-01,3.944341907815628878e-01,-4.028378686736661107e-01,1.772316791193028207e-01,-1.041415358333788399e+00,-1.314205277094253388e+00,6.998064994079903345e-01,-6.882503333013684221e-01,-7.474283521553213294e-01,-1.659768890977358635e-01,2.926337201400035573e-02,9.877159396442398709e-01,5.238169769526420660e-01,1.839361680288934098e+00,5.488398446423736754e-01,1.417015356114584290e-01,1.339789369832562194e-01,1.655574515085254939e-01,-2.913184821381312739e-01,-2.990478812940107201e-01,-3.544325016501538861e-01,-3.325885856121645889e-01,-5.367347039210669246e-01,-5.837221446701948979e-01,-7.185364049034588252e-01,6.106406687900300251e-02,-1.928483803433822530e-01,-3.570134943044137726e-02,7.333312467775181531e-01,1.772316791193028207e-01
7.957190547524070068e-01,-1.316516925175652331e+00,-1.364188398358547438e+00,-4.537777290697798671e-01,7.689339733559503731e-01,-2.904119025805461385e-02,-6.435359934275886040e-02,-7.980509527388740532e-01,-1.814360984089178785e+00,-8.233610383794257581e-01,-1.237105657904521649e+00,-1.414665020755585090e+00,-1.764754581378365605e+00,-1.808183208222364780e+00,1.123544001918774571e+00,-1.280141741984245352e+00,-1.798662298399178461e+00,-8.536114150891228602e-01,6.617035963669927190e-01,9.751321088445921159e-01,8.423932184730876793e-01,1.661897692694964013e+00,-3.712396618629466571e-01,-4.587943941295191674e-01,-3.035781043212843477e-01,-3.246126818057691876e-01,1.763736618246652121e-01,7.035565799393065367e-01,1.686757498162703151e+00,1.247888695754827637e+00,-3.422626584611812572e-01,-2.986513194761332701e-01,-6.003780945940205838e-01,-6.987103824971772070e-01,-8.095098804517889546e-01,1.156095565245647966e-01,-4.502985261992948907e-01,-1.414665020755585090e+00
-1.723679707762773294e-01,-6.657812788432546647e-01,-5.837095259167750516e-01,2.579779322875174752e-01,3.582378788833230909e-01,2.724196234128056782e-01,1.025725077298792615e-01,1.064195119534671052e+00,1.150909511821548437e+00,2.176635653317656516e+00,-3.736103097740962053e-01,3.227881929382282467e-01,-1.334646240960845720e+00,-2.128886264136895523e+00,1.632611726744779501e+00,-9.221269467139102671e-01,2.831998810874727934e-01,8.862897504937418125e-01,-1.696698030037313842e-01,1.028710855697011928e+00,-4.083836550801198673e-01,-1.051562698296019810e-01,7.600050162879423699e-01,5.887047210324508617e-01,-3.089980386329204687e-01,-2.059810859376231262e-01,-4.137778743978083873e-01,-6.223116639165490183e-01,-5.073722578102972669e-01,-7.466371910889249008e-01,-6.302460626682425682e-01,-3.861547615293164371e-01,-1.217897438666298293e-01,2.688673123837089229e-01,-2.026678309820511004e-01,-2.746575438426303584e-01,1.156304746836376074e+00,3.227881929382282467e-01
-2.806465226284558856e+00,-3.787846220673088404e-02,-7.788292440272180928e-01,8.379917595197129421e-01,1.262626951579488122e+00,1.203269209064822265e+00,1.967909506123489694e+00,4.705367918895875801e-01,-2.885455336958703820e-01,1.224000505858562349e-01,4.348564478116504262e+00,1.061499149712011036e-01,2.298865463633315898e+00,9.953197360801082638e-01,2.368378436564761921e-02,-9.218257307087776575e-02,-5.941344486325824681e-01,1.657016662467938994e+00,-3.677203915955161162e-01,4.086837103493118351e-02,2.630798952831404636e-01,1.068976624719778501e+00,-1.791061283515991143e-01,-2.313495491828910233e-01,-5.242446326963275949e-01,-4.517605540447561241e-01,-4.150001500591396497e-01,-7.260250220069461857e-01,-2.272980401099315151e-01,-1.997936839889369598e-01,-4.986731142401231720e-01,9.237631231015140665e-02,-2.851623600726880259e-01,-1.524621549976274415e-01,-5.718791749960017157e-01,-3.930187402445990408e-01,4.434470681385537794e-01,1.061499149712011036e-01
7.281780994829638587e-01,-6.315320342994442671e-01,-1.006468915156068400e+00,3.104414945497261380e-01,-6.387219201090886811e-01,-7.535787196714162084e-01,-1.147387772529570027e+00,-1.048896777086687715e+00,-1.455187908894175694e-02,5.325669517756655980e-01,-6.857131586613643970e-01,-7.182360129797300125e-03,6.856940854732045398e-01,2.130040206249232959e-01,-9.722566083450602525e-02,4.251882489699986833e-01,-1.291618804013955346e-01,1.111390118457406873e+00,7.873613293835453808e-04,-4.492054743549480089e-01,3.445675322321447021e-01,-1.888190359656994610e-01,-6.498812485363651970e-01,-6.731024139118932936e-01,-6.502682041944035651e-01,-7.090831835959163776e-01,2.098962123276336966e-01,5.007715019799733325e-01,1.086141721808405514e+00,1.156247651135462906e+00,1.503193580872182467e-01,9.704375386190375874e-01,1.015932277608534884e+00,-6.996971025613021311e-01,-7.240806598953695161e-01,-6.147481595423054390e-01,2.188407264611645364e-01,-7.182360129797300125e-03
-1.545700727921620388e+00,9.667660444117077700e-01,2.668285775923943781e+00,-1.866796339331932675e+00,-2.725796348072892505e-01,-4.911424699164911312e-01,-1.925970094637780572e-01,-1.057088199719565386e-01,-3.661933127421805878e-01,-9.733320917181288723e-02,9.662246714399979064e-01,1.823928465826665013e+00,3.003910139595220574e-01,1.678757438467940011e+00,-1.520347008825358517e-02,1.307331153819684122e+00,1.513926568540265638e+00,-2.264338200707186832e+00,-9.751276644099529656e-02,-8.611046149410601647e-01,-4.028232335658218921e-01,-7.476547569223794820e-01,-7.508993589621137943e-01,-7.036196169087954866e-01,-5.406334114616686559e-01,-4.614260939255884764e-01,-2.515517043225659055e-01,-3.974761592818032985e-01,-8.749627377535243999e-01,-1.002043494303452631e+00,5.063003724332262312e-01,2.051100984539517280e-01,8.837889205735567633e-02,-5.554386291862404290e-01,6.594799350930780069e-01,-1.165590006161235426e+00,-1.111208835131147210e-01,1.823928465826665013e+00
7.957190547524070068e-01,-1.122437872760726707e+00,-1.055248844683679188e+00,-2.899748291177727255e-01,5.773611129082361071e-01,5.302513086063668224e-01,-3.974440120316051206e-01,-4.287342611763169109e-01,2.016522961786641199e-01,8.722851178317351239e-01,-9.247409426550891043e-01,-8.565018342070751522e-01,-1.492010623473768449e-01,-2.558540135611193644e-01,1.773874071985655831e+00,-2.500735647555052843e+00,-1.159131019708288246e+00,5.058667547466842995e-01,3.005180803317211713e-01,3.026216895657351635e+00,1.738958204309594968e-01,9.228900610031421925e-01,2.187297320740386297e+00,2.439978135525926461e+00,-4.012317601220500296e-01,-1.442172535283841872e-01,-3.067668498290271328e-01,-3.907256806996203813e-01,7.490186438667945090e-01,7.022087882842369400e-01,-6.693262897307500348e-01,-8.402899751980408283e-02,-3.224214926961611605e-01,6.280334157251759031e-01,-6.592722856801548348e-01,5.510457899719671537e-02,3.198734286445473751e-01,-8.565018342070751522e-01
-4.425317918540497830e-01,4.301945465586780593e-01,-7.152026587686180492e-02,1.254785615269481847e+00,-2.343834227376495050e-01,-4.013869837370052651e-01,-1.120981975659161856e-01,2.019259523215141350e+00,4.821844704060180842e-01,2.049273646327966492e-01,1.422755498182505463e+00,1.153050388507350227e-01,1.487680448076017736e+00,2.094287876894114220e-01,7.028620616883971550e-01,6.609971526987733492e-01,5.573292441009760484e-02,7.888092022950526916e-01,-6.194948076607504905e-01,-6.594866502291791832e-01,-1.910243440571116405e-02,-2.794920651962885527e-01,1.258000191710768045e-01,-1.383408488480852017e-01,2.243201949415053742e-01,-1.330610773430471183e-01,-3.828309793604625089e-01,-6.100024115370359379e-01,-4.048926971078651849e-01,-3.819511748497126935e-01,-3.696652153784962813e-01,-5.295741768627086898e-01,-3.404800963737096287e-01,3.032051706152557591e-01,-8.336150572222399135e-02,-2.391741732112167840e-01,7.542507983162105578e-01,1.153050388507350227e-01
-2.671383315745672338e+00,-8.826931609540540347e-01,1.967693465249975016e-01,-1.121816458958436041e-01,-4.751602564683424790e-01,-6.501492333835231507e-01,-9.114614331044502693e-01,-1.935984905196830308e-01,-1.368462310648134173e+00,-6.943724208232509021e-01,-1.186962879803509674e+00,-5.478847658553673283e-02,-1.037274286631471254e+00,-1.148668363852656693e+00,-7.763224665959388426e-01,-1.553824206052058232e-01,3.789047505911803393e-01,7.860526559907292654e-01,1.954756111648251249e+00,-1.071963513847012495e+00,3.318413435978083137e-01,2.267990210671755047e-01,-8.178463717557944435e-01,-7.546077633976555621e-01,-4.713809750148004740e-01,-5.527905989967610845e-01,2.967233809091983088e-01,1.046365868761402362e+00,-8.243702112213600053e-01,-5.981564286131093588e-01,1.451438085279704637e+00,3.173420671451875896e-01,1.952000351942557721e+00,-8.088283416535171355e-01,-1.020659846414075436e-02,-6.868810209667284283e-01,-1.221208983381111279e+00,-5.478847658553673283e-02
6.156098407005593520e-01,9.211003850199602772e-01,4.569289706722551303e-01,1.575396273538534730e+00,-7.772521041372075778e-01,-8.376517952356574703e-01,-5.329966916235457930e-01,-9.615546523621573693e-02,-1.220353713851377808e+00,-2.066732391310574235e-01,-1.051294165064862396e+00,-1.071168057433575349e+00,-1.017818641116073897e+00,3.200832363262467312e-02,1.314957939361431072e-01,1.390043452364401411e+00,1.856323710562305607e+00,1.350243607210365626e+00,-6.492859547763435435e-01,-8.929737700054140026e-01,-8.781470423876014397e-01,-1.544291286504007488e+00,-6.824484163279808113e-01,-6.403610036017209906e-01,-9.832967936733312264e-01,-8.521086747795534322e-01,-1.343845522364471301e-01,-1.101012301776363167e-01,-5.739288545935852109e-02,-4.962974048873763921e-02,1.498666322905154447e-01,1.841956476805930221e+00,1.852351072498028328e+00,-5.143910745186441869e-01,-3.902193381806270955e-01,-1.319744126416645402e-01,-8.505399651637179925e-01,-1.071168057433575349e+00
7.957190547524070068e-01,-9.740244797375483543e-01,-5.674495494075713076e-01,-9.545132844390823434e-01,-8.543385714329272407e-01,-9.169819338238672790e-01,-5.215124336291944163e-01,2.432453821801437155e-01,-1.729480285771696657e+00,-2.389453853455865140e-01,-8.562604809113828486e-01,-1.105538637267979185e+00,-8.040159938627017278e-01,-1.216494299752132413e+00,8.682186131833516951e-01,-2.839026800778302606e-01,-2.124716804520395685e-01,3.283952352827785304e-01,-1.153782556265075671e-01,-3.423664891189532877e-01,-1.174988153260428519e-01,-5.988014023096673855e-01,1.794334795175072939e-01,-3.038370189824522449e-01,-8.922838921271913915e-02,-4.073518170694138685e-01,-2.435466166068438465e-01,-3.675932807811337355e-01,2.231433370383928694e-01,1.000445846178451420e-01,-5.044499665876286398e-01,-3.838107577712327467e-01,-9.826410744919049367e-02,-3.263222302964363664e-01,-4.236054703521012765e-01,-1.008813479864412388e+00,-6.243029124077470460e-01,-1.105538637267979185e+00
-2.399089260457204498e-01,1.767501369344809115e-01,7.170885948195123705e-01,-6.204979751195521115e-02,-6.066080739519517095e-01,-5.386034366033874976e-01,1.649736098511257465e+00,1.788257793909776572e+00,1.370645652299365080e+00,1.343792630633868335e+00,2.223131534918288965e-01,1.098285098897961332e+00,-3.368174002539852524e-02,-4.197712440336462403e-01,8.179443020941919995e-01,-8.616534450473788409e-01,6.178696016964073667e-01,3.735110333208428446e-01,3.445274087579860978e-01,3.140277459409190342e-01,-3.653869583082376971e-01,-3.173740553040040879e-01,1.834066396690541279e+00,1.979336490321885078e+00,-1.509033439842530355e-01,-2.509189896357646998e-01,-4.365981863331260815e-01,-7.551221312181902734e-01,-4.061949573082265785e-01,-1.705104509524631995e-01,-5.474003350934054657e-01,-3.761895150278291022e-01,-2.681090243099948367e-01,1.760669642932877199e+00,2.645268392022316617e-02,-3.083917342316502830e-01,1.180939696084283508e+00,1.098285098897961332e+00
7.957190547524070068e-01,-1.122437872760726707e+00,-5.024096433707571085e-01,-5.901829909515222683e-01,2.073334219461798744e-01,-8.081382930819548671e-02,-3.691312968715281251e-01,-3.777593746040633915e-01,-1.048803327456502732e+00,-6.748996611362341191e-01,-1.243111967396547834e+00,-1.780238357719818643e+00,-9.258074155800312122e-01,-1.456560085897857348e+00,-3.197400417101592396e-02,-1.521057757363608598e+00,-8.515592209784920152e-01,1.097261908251967039e-01,1.040762996036196375e+00,2.353747576208647718e+00,-3.942428515704209935e-01,-2.557724980566344342e-01,-2.115279390254704017e-01,-2.062142846269459651e-01,9.028382038055681180e-01,7.516263060997100398e-01,-4.762210125904445257e-02,7.983396231631315065e-02,-4.885573477628164518e-01,-5.818929894940763070e-01,-4.654011684188427145e-01,-1.175666646861812881e+00,-1.121066935085730520e+00,-5.558333172118903320e-01,7.816845728387931957e-02,-6.318234904799575613e-01,-6.967235701776230972e-01,-1.780238357719818643e+00
6.156098407005593520e-01,1.617501690744105325e+00,8.634283834023447346e-01,1.007041015697941022e+00,-5.123754312249977350e-01,-4.737073404744511218e-01,3.561725799688834626e-01,-6.417906782772835328e-01,8.925061537558582891e-01,1.886417150592328618e+00,6.113564127571196050e-01,4.147382346000733633e-01,-6.684681562964582824e-01,2.505537589378593610e-01,4.466542580038363464e-01,1.811179772152078371e+00,1.254715299490976488e+00,8.013118406724215603e-01,-8.637900551218894440e-01,-1.258998491631996730e+00,-5.887603303344530747e-01,-1.115190983579979367e+00,-5.381698765575033683e-01,-5.888293692523526301e-01,-4.691569673155447373e-01,-5.661898360275051667e-01,-2.857075000667871345e-01,-2.598621226844732846e-01,-2.669849939781606674e-01,-9.752033572702362152e-02,-1.165676285684678626e-01,1.965280608762426939e-01,6.511059100245601972e-01,-2.016008141910479168e-01,-3.671911518854677897e-02,1.070462062558068306e+00,1.235056887979510742e+00,4.147382346000733633e-01
7.957190547524070068e-01,-8.027782570184963662e-01,-3.398098782787211114e-01,-1.447087841234263594e+00,5.178853311593453745e-02,7.072559117896858039e-02,5.545618057393990608e-01,-4.544474002817026626e-01,2.088499470253041834e-01,-9.507234755222640499e-02,-7.320537706088140473e-01,1.643893301920257011e-01,-2.314614679712826209e-02,3.958852610105324521e-01,4.264363789892385292e-01,-7.792957638956645727e-01,-8.149216175683990371e-02,-1.378715951537231810e+00,-1.860831785462154220e-01,5.991477018569012492e-01,-2.289115311312190648e-01,-2.180468669060043330e-01,6.335655104295023722e-04,-4.918476924309055087e-02,1.287536120894187397e-01,-2.121373713487812243e-02,-7.760653378773560429e-03,2.975101235562007673e-01,-2.489218347951262233e-01,-1.946754242819538627e-01,-3.092882048433933662e-01,-6.905152658924028630e-01,-3.357194316934580813e-01,-3.012595406676637499e-01,-1.211663906810991898e-01,-1.026638459477375864e+00,1.323631145261380537e-01,1.643893301920257011e-01
7.957190547524070068e-01,-1.053939383673105912e+00,-1.169068680248104286e+00,1.489405672275127563e-03,7.569121085646617342e-01,1.393996940454534927e-01,-1.484372541395587719e+00,-1.103384243237498730e+00,-9.359910535375938201e-01,-1.038905630297327409e+00,-1.111359020225509697e+00,-8.412982074284656164e-01,5.449830009015602661e-01,-9.574317103763864412e-02,3.752075153745817460e-01,-2.362032798085282437e+00,-2.476138008774780186e+00,5.288044999240332222e-01,7.773893431952084709e-01,3.908441444479130666e+00,7.281083123434348714e-01,2.807681009423272034e+00,5.013988355929162033e-01,6.630225273481745729e-01,5.229706990127254151e+00,4.209940496187267733e+00,-2.834400533111606224e-01,-2.307928256247507304e-01,-7.325363836959810637e-01,-6.524888187218916835e-01,-6.766690271534708812e-01,-1.586825918478290687e+00,-1.612055784448087836e+00,-1.613426355747516194e-01,7.174146938612246949e-01,-7.815033426504977010e-01,-3.246982749979893806e-02,-8.412982074284656164e-01
7.056644477264831794e-01,1.697416594679662882e+00,2.814625564506776367e+00,2.105861180856421822e+00,-5.120305564193188275e-01,-1.313326862788984639e-01,-1.467614479447739151e-01,3.030872612754246798e-01,-2.369019692758280171e-01,3.641786318001664635e-01,-1.058469043814315447e-01,8.016789708918760082e-01,-1.082037599494786617e+00,-1.519474931229591597e-01,-3.458589008952861477e-02,1.523640805176253332e+00,1.974481588972753610e+00,1.139098978025141484e+00,-9.195931110332401515e-01,-1.028258926013929653e+00,-8.901259607665521489e-01,-1.420670271007093977e+00,-5.788538708605354965e-02,1.563114316136161586e-01,-4.436943725707273023e-01,-4.553568855393207992e-01,-3.347903174372529045e-01,-4.397596402404591598e-01,-6.914750834678842217e-01,-6.270957947455958470e-01,-2.426006359582445482e-01,-1.420127328379976739e-01,-4.224488840457713557e-01,3.762224553604991417e-01,5.573576484509216167e-01,2.924100318819318756e-01,2.194452230251630886e-01,8.016789708918760082e-01
-1.365591513869772733e+00,3.274468129272468664e-01,-3.885898078063318994e-01,-1.639454236195695191e+00,-3.464662519906893529e-02,-1.699941016005314665e-01,-9.713514461783330223e-01,-1.209898871724564451e+00,-4.076791363948614189e-01,-1.133613764046366157e+00,6.460730105553156299e-01,-1.299346791061023187e-01,-3.354276307860807327e-01,-3.999396626284199563e-01,-1.069663980590649155e+00,7.446743820756206444e-01,1.487153736427334477e-02,-2.214788864108393707e+00,-2.169002079243596559e-01,-5.735476250530699982e-01,-3.734268129264326497e-01,-1.867253294681639475e-01,-5.275697883503905894e-01,-5.748535882332964642e-01,-2.724961227811783515e-01,-2.032417111653685993e-01,-2.251391354933289790e-01,-3.615381982712494446e-01,-2.564883661042566820e-01,-3.057448666852339292e-01,-9.388817000748009289e-02,-4.321965912508919927e-01,-8.971668152325377177e-01,-4.416895401939208710e-01,-2.615845348140644622e-01,-7.190326197078682480e-01,-3.589469513064801331e-01,-1.299346791061023187e-01
-1.995973763051241301e+00,3.959453020148676616e-01,1.479894169973867135e-01,2.317461511564131438e-01,1.068835603888020208e-01,8.519616600774634896e-02,-6.759651729768470507e-02,-4.882928536642058281e-01,1.389056657712638643e+00,-4.139683930561393610e-01,1.589463519021606097e-01,1.073756518949711802e+00,1.398471633892420574e+00,2.170166105283040547e+00,-6.410478151871223940e-01,-6.172232123479475252e-01,-1.840331119269812410e-01,-1.480427854265278231e+00,1.133145066907007337e+00,7.336187544606470601e-01,2.315411530473313606e-01,5.417778963225703404e-01,-2.284475000313031801e-01,1.012178582606269722e-01,-1.350754597674199420e-01,-4.323363391497148100e-02,-3.675850462481476955e-01,-7.091585017885685405e-01,-8.036045002612967059e-01,-9.510150714113565495e-01,2.034761692612740147e-01,-3.623820633436585781e-01,-1.450587631917143461e-01,1.389162799384583702e-01,2.121564357959977373e-02,2.920345110335213601e+00,1.032174928845440043e+00,1.073756518949711802e+00
5.030415819181538462e-01,1.217927171066317316e+00,9.528582542029645497e-01,-1.005230765042415958e-01,-2.262169133424143941e-01,-2.540552936188665289e-01,-3.816722471341145728e-01,-6.989191471715848758e-01,6.507908776720403576e-01,1.433094917985823447e+00,1.870287882805156343e+00,-1.224186089882780132e-01,-5.009709529902651726e-01,5.089929301020377217e-01,1.488808378272620470e+00,1.795901832722540392e-01,5.606809535811621004e-01,-1.304155788995376986e+00,-8.411856593060010878e-01,-1.351417248062911081e-01,-7.219055221625384489e-01,-5.241080917978730991e-01,3.638771607359775340e-01,5.203765179458462731e-01,-1.867381117898987697e-01,1.452670522667913744e-01,-4.278575627926159419e-01,-7.228958443192120553e-01,-5.595483530957123808e-01,-6.274016536185585968e-01,-5.742740807669409753e-01,-4.469620207771118348e-01,-6.589852448424838860e-01,8.517228542622928833e-01,1.935470022882389285e-01,3.009678244143173753e+00,1.049286057669631900e+00,-1.224186089882780132e-01
5.512851213963270158e-01,-6.315320342994442671e-01,-1.934700896958887473e-01,7.863609522140475594e-01,-3.872840541566484607e-01,-4.900733035823400252e-01,1.550640976074786348e+00,6.195919355902074210e-01,-9.724576182878872377e-01,-2.891631675374533028e-01,3.492167145234744696e-01,-2.588598302689871233e-01,1.678117696473454823e-01,2.724874743815966505e-01,1.778048976916811963e+00,-1.961140828679222237e+00,-2.749497854682294573e-01,8.198506795942081538e-02,-3.460264169724499572e-01,1.646333712845141184e+00,-2.474973105271720264e-01,-1.390216781295984250e-01,3.304160857218658709e+00,3.183737523410027137e+00,2.315572535569575541e-01,1.243657929143488494e-01,-4.486695431715676530e-01,-7.766320948159796123e-01,-3.962465713485753271e-01,-5.283474781593187064e-01,-7.327689474649469181e-01,-7.918232345784709247e-01,-8.553666148235300470e-01,1.877249208909143263e+00,-1.134511080364308533e-01,2.354788731146597147e+00,-5.314138805822013478e-02,-2.588598302689871233e-01
5.583023635022432707e-01,-8.930717199067236267e-01,3.209364398680067954e-01,-5.313602090211672069e-01,-3.647955316372929468e-01,6.641579925489647651e-02,1.340231048566853655e-01,-7.415409375327101094e-01,7.312781571810036407e-01,-3.388570790271779876e-01,-4.500855816296930878e-01,1.411368276310052128e+00,-5.396273252272668630e-01,-3.613527921693870937e-01,-5.375434806267984644e-01,-1.318424110784493841e+00,-4.478764721365708912e-01,5.585419305448051652e-01,9.248173246777333101e-02,1.410600889579544326e+00,-9.771339411524206098e-02,8.099999328371370044e-01,3.506536665999132052e-01,2.835818587722164219e-01,2.615701197828763203e+00,1.873681505423871574e+00,-2.833640215569981358e-01,-2.398470771095325416e-01,-9.031874578393813691e-01,-9.901401781161686122e-01,-5.610124991546255879e-01,-1.440779773951369247e+00,-1.240885231813704470e+00,-2.053503504347225506e-01,1.439501386735704047e+00,-5.017556592089821299e-01,4.913647107343626641e-01,1.411368276310052128e+00
2.463859518942701499e-01,-2.874533032838147775e-02,-1.739581178848445264e-01,7.722798229488657684e-01,-3.174983998965744125e-01,-3.472358926111629995e-01,-2.503630572005836608e-01,-2.959690371612069271e-01,3.975946675735798075e-01,1.057547433613530208e+00,2.202360847546187828e-01,-1.410122778458871684e+00,3.428482469379955377e-01,3.622552798220757264e-01,1.041266785746566725e+00,-1.603538659889085061e+00,-6.959371174881688882e-01,1.372132971691523817e+00,-5.523658271828685296e-01,1.408268770981377926e+00,-7.197384766130067169e-01,-4.019494532215013849e-01,1.278357717369838387e+00,1.857265422116082476e+00,6.508781227334269337e-01,9.863956207431293643e-01,-4.420315434979616986e-01,-7.539051455193538365e-01,-8.284688117298849575e-01,-9.543026834911981782e-01,-7.066704649458385168e-01,1.943201800857811690e-01,-1.105914824631911708e+00,1.072965227040379999e+00,6.339493634325390481e-01,-8.486012922965949223e-02,5.343180204046352744e-01,-1.410122778458871684e+00
7.957190547524070068e-01,9.667660444117077700e-01,5.870087827458837504e-01,2.123349034943824876e+00,-6.299046298661239440e-01,-7.505530575285572770e-01,-5.246515905202960850e-01,-5.646741826869828840e-01,-1.459594034924352135e+00,-1.696955719098140802e+00,-5.403773268053664314e-01,-1.752247125318023180e+00,1.276494792455851179e+00,1.476488527142835405e+00,-1.394266115647262883e+00,1.772152048184329365e+00,1.479441011584105237e+00,9.246291635571052270e-01,-4.456366957537867823e-01,-1.274471603711519574e+00,-9.119657782097675414e-01,-1.479051468125139657e+00,-8.105791298188312899e-01,-7.324354235234262767e-01,-7.542660621075442107e-01,-6.493937608038305997e-01,1.050502664847315221e-01,2.030946050224818333e-01,-1.315045697094498478e-01,-6.303906649721746636e-03,7.195111149254393990e-01,7.150617116341908552e-01,1.199727839004977703e+00,-6.391124906240327475e-01,-1.977581056627165934e-01,1.329923798513123145e+00,-2.008265053281825363e+00,-1.752247125318023180e+00
3.229323678663051922e-01,1.904498347520052759e-01,2.455492760526082618e-01,-6.426465532137309866e-01,-3.260543975384139204e-02,5.282327928809674722e-01,-2.897562980875750260e-01,-4.412633586511297001e-01,-3.453285572204791709e-01,1.364530372445490913e+00,-1.942661923019863845e-01,8.901696666551502934e-01,-1.662174640536202841e-01,3.198432917958100030e-01,1.540593361655475890e+00,4.217895200847998072e-01,9.760635886035926578e-01,1.464100186264026826e-01,-5.671579826964580073e-01,-6.717946586213704996e-02,-3.974214142377993086e-01,-8.958255418265522740e-01,-1.342304923374388059e-01,-1.992292817036643016e-01,-5.371444523260886506e-01,-6.166097075347479750e-01,-2.965348744731760577e-01,-2.656019468951699714e-01,-1.959933557289957051e-01,-1.012357167601863478e-01,-3.942258274030130960e-01,1.570185738867726777e-01,3.939417386869058235e-02,-5.635562075186117265e-02,-2.468553588560611356e-01,-6.353218509647448053e-01,7.710080577589213391e-01,8.901696666551502934e-01
-1.348452178488088182e-01,-2.662067591654665444e-01,-4.753096825220844424e-01,3.016975675060246664e-01,-1.054264774199645149e+00,-1.156639453016004682e+00,-1.204514310882555783e+00,3.019759953351804360e-01,2.196840565921723609e+00,2.329707844293384955e+00,3.646415228238528150e-01,1.207373563678201922e+00,-1.141861759353096195e+00,-1.003399948662156316e+00,1.773236408543852782e+00,5.266211875617139437e-01,-7.334312217120353417e-02,4.604455744839008879e-01,-2.736306777568276449e-01,-5.627584865330019781e-01,5.814685817997464756e-01,-2.668254278057155190e-02,-3.516592425373628039e-01,-5.232386831637729774e-01,-5.753824072265112388e-01,-6.587901948287302467e-01,-2.420916012123549566e-01,-1.345877683412541326e-01,5.920813933005546481e-01,6.724747156169257334e-01,-3.144866137552709273e-01,7.297900766981717524e-01,1.119962010480730408e+00,-4.003262351058046731e-01,-6.347236590834826053e-01,-2.584151558775466540e-01,1.950787477427680106e+00,1.207373563678201922e+00
3.583109634836331159e-01,5.035857848668430226e-01,2.287337754851173965e+00,-4.227992446863804710e-01,-4.572074959922307613e-01,8.493715193542955566e-02,-2.338791061148591532e-01,7.124172678681208737e-01,2.652567755007770312e-01,-4.415414646590161696e-01,-3.984118802788588209e-01,4.353475285985585752e-01,-6.967233336868839944e-01,2.590992734793748364e-01,3.242816651040529852e-01,5.895142778339562684e-01,1.813337485891338252e+00,-1.160483532270996321e+00,-6.303641295636789321e-01,-6.021401475145181648e-01,-8.685466412452562679e-01,-1.382882618827666832e+00,-4.368337036836641984e-01,-4.194348256179098455e-01,-2.597498117971938081e-01,-4.173392406556469814e-01,-2.488823617484408057e-01,-9.317673180753972828e-02,-7.405020476885657565e-01,-6.953720004909759167e-01,-3.401005951999780397e-01,-3.943225412821267928e-01,-5.221167648605141709e-01,-2.692898105900166650e-01,6.053326787141326548e-01,-2.365682516256099321e-01,-6.690930542928097760e-03,4.353475285985585752e-01
7.056644477264831794e-01,9.732897100391002532e-01,-4.164640532506808102e-01,-6.276569639959569402e-01,-1.549268298758422202e-01,-1.676325269950495328e-02,-5.279144444632894589e-02,-5.440721062809407149e-01,1.551226985803459968e+00,3.518378967993915918e-01,9.311479365160255650e-01,-1.469016080782527212e+00,1.323238246552305819e+00,1.304438792763623178e+00,1.139046803004787112e+00,9.000275795435476178e-01,2.438596566636625773e-01,9.580522356669400608e-02,-8.378898740934291878e-01,-9.397575200934070727e-01,-5.327794702537214100e-01,-7.347688533407816802e-01,3.107511639963189132e-01,8.817804441353221945e-02,-4.131521600063321475e-01,-4.215636964160535127e-01,-4.008450800232596922e-01,-6.544167759090276926e-01,-1.191380074199261188e-02,-9.160288970215006710e-02,-5.525534248382238944e-01,-2.059827627873527522e-01,-8.087427027269233903e-02,7.253240140478920406e-01,-3.676346017116886022e-01,-6.355241371152257068e-01,6.064658452347623241e-01,-1.469016080782527212e+00
7.732054029959262165e-01,2.724893930993975033e+00,9.122083129299555226e-01,2.502252540170887496e+00,2.264956760958306697e-02,1.195103596952353936e-01,-6.866059438146578098e-02,-5.866657881786343509e-01,7.831994242573687981e-02,3.010569147120721323e-01,2.100784777381352608e+00,-1.877438486570347786e-01,-1.565692561681534700e+00,-1.439909946305611310e+00,2.652929879591630624e-01,1.164628676268915974e+00,1.179271631599054793e+00,6.006663764760572510e-01,-9.794225359095846128e-01,-7.037488795995032742e-01,-7.346107516085091937e-01,-1.079863363931582665e+00,4.712975904218811851e-01,5.458725799871891882e-01,-3.325568522331598387e-01,-3.271099179995469730e-01,-4.636282540624721560e-01,-7.845393307885571987e-01,-5.386152060815251330e-01,-4.377673911753563463e-01,-5.939273332337347000e-01,-2.210097752539550153e-01,-7.533825475550331996e-01,1.752302256789098012e+00,1.950199198840392723e-01,3.867734447334504111e+00,3.999448062542484417e-01,-1.877438486570347786e-01
